"city","country","countryCode","lat","lng","count","DateTime"
"England","United Kingdom","GB","52.795479","-0.54024","39998","2021-12-31 09:46:05"
"California","USA","US","33.98997825","-118.1799805","3587","2021-12-31 09:46:05"
"Scotland","United Kingdom","GB","56.786111","-4.114052","2851","2021-12-31 09:46:05"
"New York","USA","US","40.74997906","-73.98001693","2298","2021-12-31 09:46:05"
"Hovedstaden","Denmark","DK","55.67856419","12.56348575","1638","2021-12-31 09:46:05"
"Texas","USA","US","29.81997438","-95.33997929","1336","2021-12-31 09:46:05"
"Jerusalem","Israel","IL","30.876027","35.00152","1259","2021-12-31 09:46:05"
"Midtjylland","Denmark","DK","56.157204","10.21068396","913","2021-12-31 09:46:05"
"Washington","USA","US","47.57000205","-122.339985","911","2021-12-31 09:46:05"
"Colorado","USA","US","39.73918805","-104.984016","796","2021-12-31 09:46:05"
"Gauteng","South Africa","ZA","-26.17004474","28.03000972","774","2021-12-31 09:46:05"
"New South Wales","Australia","AU","-33.92001097","151.1851798","767","2021-12-31 09:46:05"
"Vienna","Austria","AT","48.20001528","16.36663896","766","2021-12-31 09:46:05"
"Florida","USA","US","25.7876107","-80.22410608","641","2021-12-31 09:46:05"
"Maryland","USA","US","39.29999005","-76.61998499","583","2021-12-31 09:46:05"
"Ontario","Canada","CA","43.69997988","-79.42002079","531","2021-12-31 09:46:05"
"Wisconsin","USA","US","43.05265505","-87.91996708","465","2021-12-31 09:46:05"
"Ohio","USA","US","39.16188479","-84.45692265","450","2021-12-31 09:46:05"
"Queensland","Australia","AU","-27.45503091","153.0350927","427","2021-12-31 09:46:05"
"Georgia","USA","US","33.83001385","-84.39994938","422","2021-12-31 09:46:05"
"Western Cape","South Africa","ZA","-33.92001097","18.43498816","411","2021-12-31 09:46:05"
"Illinois","USA","US","41.82999066","-87.75005497","370","2021-12-31 09:46:05"
"Louisiana","USA","US","29.99500246","-90.03996688","357","2021-12-31 09:46:05"
"District of Columbia","USA","US","38.89954938","-77.00941858","347","2021-12-31 09:46:05"
"KwaZulu-Natal","South Africa","ZA","-29.865013","30.98001054","316","2021-12-31 09:46:05"
"Syddanmark","Denmark","DK","55.46703941","8.450016234","310","2021-12-31 09:46:05"
"Massachusetts","USA","US","42.32996014","-71.07001367","310","2021-12-31 09:46:05"
"Wales","United Kingdom","GB","52.01424913382731","-4.3979325841230725","291","2021-12-31 09:46:05"
"Singapore","Singapore","SG","1.293033466","103.8558207","281","2021-12-31 09:46:05"
"Arizona","USA","US","33.53997988","-112.0699917","278","2021-12-31 09:46:05"
"Madrid","Spain","ES","40.40002626","-3.683351686","264","2021-12-31 09:46:05"
"New Jersey","USA","US","40.2169625","-74.74335535","259","2021-12-31 09:46:05"
"North Holland","Netherlands","NL","52.34996869","4.916640176","228","2021-12-31 09:46:05"
"Nordjylland","Denmark","DK","57.03371381","9.916593382","226","2021-12-31 09:46:05"
"Zurich","Switzerland","CH","47.366667","8.55","224","2021-12-31 09:46:05"
"Region Metropolitana de Santiago","Chile","CL","-33.45497681217888","-70.67027304393957","222","2021-12-31 09:46:05"
"Connecticut","USA","US","41.17997866","-73.19996118","219","2021-12-31 09:46:05"
"Sjaelland","Denmark","DK","55.924666","11.667981","218","2021-12-31 09:46:05"
"Brussels-Capital Region","Belgium","BE","50.872499241621064","4.351870863483525","215","2021-12-31 09:46:05"
"Catalunya","Spain","ES","41.51837610258702","2.574809125713121","178","2021-12-31 09:46:05"
"North Carolina","USA","US","35.81878135","-78.64469344","167","2021-12-31 09:46:05"
"Gaborone","Botswana","BW","-24.64631346","25.91194779","164","2021-12-31 09:46:05"
"Mexico City","Mexico","MX","19.44244244","-99.1309882","159","2021-12-31 09:46:05"
"Viken","Norway","NO","69.266667","17.95","153","2021-12-31 09:46:05"
"Tokyo","Japan","JP","36.574844","139.239418","147","2021-12-31 09:46:05"
"Skane","Sweden","SE","59.083056","12.933056","144","2021-12-31 09:46:05"
"Pennsylvania","USA","US","39.99997316","-75.16999597","124","2021-12-31 09:46:05"
"Sodermanland","Sweden","SE","58.09346909478341","12.938326946376781","123","2021-12-31 09:46:05"
"Westside","Gibraltar","GI","36.13243495","-5.37807483","122","2021-12-31 09:46:05"
"Sao Paulo","Brazil","BR","-23.55867959","-46.62501998","121","2021-12-31 09:46:05"
"Northern Cape","South Africa","ZA","-28.46003416","21.23001135","120","2021-12-31 09:46:05"
"Ankara","Turkey","TR","38.959759","34.924965","117","2021-12-31 09:46:05"
"Hainaut","Belgium","BE","50.44599911","3.939003561","117","2021-12-31 09:46:05"
"Lisbon","Portugal","PT","39.430125","-8.560792","115","2021-12-31 09:46:05"
"Virginia","USA","US","36.84995872","-76.28000574","114","2021-12-31 09:46:05"
"Indiana","USA","US","39.74998842","-86.17004806","113","2021-12-31 09:46:05"
"Oslo","Norway","NO","59.91669029","10.74997921","105","2021-12-31 09:46:05"
"Hawaii","USA","US","21.30687644","-157.8579979","102","2021-12-31 09:46:05"
"Ile-de-France","France","FR","48.677181","2.502660","102","2021-12-31 09:46:05"
"Lombardy","Italy","IT","45.4699752","9.20500891","100","2021-12-31 09:46:05"
"North West","South Africa","ZA","-26.88002724","26.62001827","95","2021-12-31 09:46:05"
"Ticino","Switzerland","CH","46.0003821","8.966677204","93","2021-12-31 09:46:05"
"Oregon","USA","US","45.52002382","-122.6799901","87","2021-12-31 09:46:05"
"Delhi","India","IN","28.60002301","77.19998002","83","2021-12-31 09:46:05"
"Minnesota","USA","US","44.97997927","-93.25178634","81","2021-12-31 09:46:05"
"North Rhine-Westphalia","Germany","DE","51.20195859225799","7.114312164333355","78","2021-12-31 09:46:05"
"Stockholm","Sweden","SE","59.35075995","18.09733473","73","2021-12-31 09:46:05"
"Chobe","Botswana","BW","-24.628141806176643","25.92478319035186","72","2021-12-31 09:46:05"
"Michigan","USA","US","42.32996014","-83.08005579","71","2021-12-31 09:46:05"
"Illes Balears","Spain","ES","39.583426513841324","2.6415066932363294","66","2021-12-31 09:46:05"
"South East","Botswana","BW","-24.628141806176643","25.92478319035186","65","2021-12-31 09:46:05"
"Umbria","Italy","IT","43.11037762","12.38998246","64","2021-12-31 09:46:05"
"Tennessee","USA","US","35.1199868","-89.99999516","62","2021-12-31 09:46:05"
"South Carolina","USA","US","34.0399752","-80.89998214","62","2021-12-31 09:46:05"
"Puerto Rico","Puerto Rico","PR","18.201781","-66.584125","60","2021-12-31 09:46:05"
"Bavaria","Germany","DE","48.946756","11.403872","59","2021-12-31 09:46:05"
"Piedmont","Italy","IT","45.07038719","7.669960489","59","2021-12-31 09:46:05"
"Mississippi","USA","US","32.29881533","-90.18499679","58","2021-12-31 09:46:05"
"Occitanie","France","FR","43.71046142039314","1.5849108033716846","58","2021-12-31 09:46:05"
"Vaud","Switzerland","CH","46.53042727","6.650022744","58","2021-12-31 09:46:05"
"St Gall","Switzerland","CH","47.42396017469374","9.373908631289154","58","2021-12-31 09:46:05"
"Liege","Belgium","BE","50.62999615","5.580010537","52","2021-12-31 09:46:05"
"Limburg","Belgium","BE","50.96400317","5.483997561","50","2021-12-31 09:46:05"
"Namur","Belgium","BE","50.47039349","4.870028034","50","2021-12-31 09:46:05"
"Gujarat","India","IN","23.192333","71.932924","49","2021-12-31 09:46:05"
"Eastern Cape","South Africa","ZA","-33.97003375","25.60002885","49","2021-12-31 09:46:05"
"Jakarta","Indonesia","ID","-6.174417705","106.8294376","48","2021-12-31 09:46:05"
"Alberta","Canada","CA","53.55002464","-113.4999819","48","2021-12-31 09:46:05"
"Schleswig-Holstein","Germany","DE","54.33039044","10.13001705","47","2021-12-31 09:46:05"
"Auvergne-Rhone-Alpes","France","FR","45.91386802433465","4.803816209653869","47","2021-12-31 09:46:05"
"Nevada","USA","US","36.20999778","-115.2200061","47","2021-12-31 09:46:05"
"Mpumalanga","South Africa","ZA","-26.93950682","29.24001339","47","2021-12-31 09:46:05"
"Leningrad Oblast","Russia","RU","59.894444","30.264167","45","2021-12-31 09:46:05"
"Dublin","Ireland","IE","53.33306114","-6.248905682","43","2021-12-31 09:46:05"
"Bern","Switzerland","CH","46.91668276","7.466975462","42","2021-12-31 09:46:05"
"Campania","Italy","IT","40.84002525","14.24501135","42","2021-12-31 09:46:05"
"Abuja","Nigeria","NG","9.083333149","7.533328002","42","2021-12-31 09:46:05"
"Free State","South Africa","ZA","-29.045109284986843","26.12891463735748","41","2021-12-31 09:46:05"
"La Rioja","Spain","ES","42.47036501","-2.429991497","41","2021-12-31 09:46:05"
"Greater Accra","Ghana","GH","5.550034606","-0.21671574","40","2021-12-31 09:46:05"
"Valparaiso","Chile","CL","-33.04776447","-71.62101363","39","2021-12-31 09:46:05"
"Kentucky","USA","US","38.05001467","-84.50002079","39","2021-12-31 09:46:05"
"Berlin","Germany","DE","52.52181866","13.40154862","39","2021-12-31 09:46:05"
"Lusaka","Zambia","ZM","-15.41664427","28.28332759","39","2021-12-31 09:46:05"
"Telangana","India","IN","17.38534928542657","78.47362101910744","37","2021-12-31 09:46:05"
"State of Mexico","Mexico","MX","19.290949225744303","-99.66557626656848","35","2021-12-31 09:46:05"
"Valletta","Malta","MT","35.944673","14.383631","34","2021-12-31 09:46:05"
"Southern Region","Malawi","MW","-15.79000649","34.98994665","34","2021-12-31 09:46:05"
"Vilnius County","Lithuania","LT","54.68336631","25.31663529","34","2021-12-31 09:46:05"
"Hesse","Germany","DE","50.135596453384885","8.758188152468822","34","2021-12-31 09:46:05"
"Nairobi","Kenya","KE","-1.283346742","36.81665686","33","2021-12-31 09:46:05"
"Iowa","USA","US","41.57998008","-93.61998092","33","2021-12-31 09:46:05"
"Basel-Landschaft","Switzerland","CH","47.48300112","7.737003468","32","2021-12-31 09:46:05"
"Noord-Brabant","Netherlands","NL","51.42997316","5.50001542","32","2021-12-31 09:46:05"
"Gelderland","Netherlands","NL","51.98799603","5.922999562","31","2021-12-31 09:46:05"
"Bretagne","France","FR","48.10002138","-1.670012046","30","2021-12-31 09:46:05"
"Kansas","USA","US","39.05000531","-95.66998499","30","2021-12-31 09:46:05"
"Emilia-Romagna","Italy","IT","44.50042198","11.34002071","30","2021-12-31 09:46:05"
"Groningen","Netherlands","NL","53.22040651","6.580001179","30","2021-12-31 09:46:05"
"South Holland","Netherlands","NL","52.08003684","4.269961302","29","2021-12-31 09:46:05"
"Limpopo","South Africa","ZA","-22.33999428","30.02999101","28","2021-12-31 09:46:05"
"Palapye","Botswana","BW","-22.55961912","27.13001298","28","2021-12-31 09:46:05"
"Aargau","Switzerland","CH","47.3900041","8.03400361","28","2021-12-31 09:46:05"
"Utah","USA","US","40.7750163","-111.9300519","27","2021-12-31 09:46:05"
"Basel-Stadt","Switzerland","CH","47.58038902","7.590017048","26","2021-12-31 09:46:05"
"Dakar","Senegal","SN","14.71583173","-17.47313013","26","2021-12-31 09:46:05"
"Greater-Accra","Ghana","GH","5.720625413583546","0.002148761837035082","26","2021-12-31 09:46:05"
"Wallonie","Belgium","BE","50.46381708339539","4.869065171608994","25","2021-12-31 09:46:05"
"Geneva","Switzerland","CH","46.21000755","6.140028034","25","2021-12-31 09:46:05"
"Galicia","Spain","ES","42.22001853","-8.729994549","25","2021-12-31 09:46:05"
"Saskatchewan","Canada","CA","52.17003135","-106.6699854","24","2021-12-31 09:46:05"
"Baden-Wurttemberg","Germany","DE","48.629697","9.194953","24","2021-12-31 09:46:05"
"South Moravian Region","Czech Republic","CZ","49.19179583591151","16.59948706078241","24","2021-12-31 09:46:05"
"Centre-Val de Loire","France","FR","48.51533732374239","1.6787301430316188","23","2021-12-31 09:46:05"
"Veneto","Italy","IT","45.43865928","12.33499874","22","2021-12-31 09:46:05"
"Apulia","Italy","IT","40.50839174","17.22999711","22","2021-12-31 09:46:05"
"Tbilisi","Georgia","GE","41.72500999","44.79079545","22","2021-12-31 09:46:05"
"Nebraska","USA","US","41.24000083","-96.00999007","21","2021-12-31 09:46:05"
"Orebro","Sweden","SE","59.2803467","15.2199906","21","2021-12-31 09:46:05"
"Idaho","USA","US","43.60859011","-116.2274899","21","2021-12-31 09:46:05"
"West Virginia","USA","US","38.34973798","-81.63272811","20","2021-12-31 09:46:05"
"Phnom Penh","Cambodia","KH","13.506639","104.869423","20","2021-12-31 09:46:05"
"Sicily","Italy","IT","38.17006405253222","13.331413407703723","20","2021-12-31 09:46:05"
"Innlandet","Norway","NO","61.12814120816056","10.469161284187708","20","2021-12-31 09:46:05"
"Amman","Jordan","JO","31.95002525","35.93329993","19","2021-12-31 09:46:05"
"Lobatse","Botswana","BW","-25.2196118","25.68002397","19","2021-12-31 09:46:05"
"Diest","Belgium","BE","50.983333","5.05","19","2021-12-31 09:46:05"
"Tipperary","Ireland","IE","52.4733333","-8.1558333","19","2021-12-31 09:46:05"
"Alabama","USA","US","32.36160219","-86.27918868","19","2021-12-31 09:46:05"
"Schwyz","Switzerland","CH","47.01999604","8.648001603","18","2021-12-31 09:46:05"
"Hong Kong","Hong Kong","HK","22.3049809","114.1850093","18","2021-12-31 09:46:05"
"Bangkok","Thailand","TH","13.74999921","100.5166447","18","2021-12-31 09:46:05"
"Banten","Indonesia","ID","-6.109977194","106.1496342","18","2021-12-31 09:46:05"
"Rhode Island","USA","US","41.82110231","-71.4149797","18","2021-12-31 09:46:05"
"Guayas","Ecuador","EC","-2.220033754","-79.92004195","18","2021-12-31 09:46:05"
"Quintana Roo","Mexico","MX","21.16995974","-86.83000777","18","2021-12-31 09:46:05"
"Maharashtra","India","IN","19.01699038","72.8569893","17","2021-12-31 09:46:05"
"Flemish Brabant","Belgium","BE","50.878682166958484","4.702186755894528","17","2021-12-31 09:46:05"
"Ghent","Belgium","BE","51.05","3.716667","17","2021-12-31 09:46:05"
"New Delhi","India","IN","28.60002301","77.19998002","17","2021-12-31 09:46:05"
"Lazio","Italy","IT","41.89595563","12.48325842","17","2021-12-31 09:46:05"
"Meath","Ireland","IE","53.649784","-6.588529","17","2021-12-31 09:46:05"
"Northern Ireland","United Kingdom","GB","54.656883","-6.563435","16","2021-12-31 09:46:05"
"Khomas","Namibia","NA","-22.57000608","17.0835461","16","2021-12-31 09:46:05"
"Utrecht","Netherlands","NL","52.10034568","5.120038614","15","2021-12-31 09:46:05"
"Maule","Chile","CL","-34.97999795","-71.24002914","15","2021-12-31 09:46:05"
"Agder","Norway","NO","58.2977082610108","8.084752009680065","15","2021-12-31 09:46:05"
"Bourgogne-Franche-Comte","France","FR","47.35922481724853","5.046329726446719","15","2021-12-31 09:46:05"
"Provence-Alpes-Cote d Azur","France","FR","43.28997906","5.37501013","15","2021-12-31 09:46:05"
"Grisons","Switzerland","CH","46.8592410318989","9.52487535145903","15","2021-12-31 09:46:05"
"Lower Saxony","Germany","DE","52.52573001451669","9.553176638015858","14","2021-12-31 09:46:05"
"Grigioni","Switzerland","CH","47.48761730134179","7.73347783158963","14","2021-12-31 09:46:05"
"North East","Botswana","BW","-24.628141806176643","25.92478319035186","14","2021-12-31 09:46:05"
"Nouvelle-Aquitaine","France","FR","44.903600909185926","-0.40109209207600083","14","2021-12-31 09:46:05"
"Coquimbo","Chile","CL","-29.89999795","-71.24997685","14","2021-12-31 09:46:05"
"North Dakota","USA","US","46.80831728","-100.7833163","13","2021-12-31 09:46:05"
"Minas Gerais","Brazil","BR","-18.89999754","-48.27998356","13","2021-12-31 09:46:05"
"Warsaw","Poland","PL","52.097718","19.025816","13","2021-12-31 09:46:05"
"Uppsala","Sweden","SE","59.86005292","17.63999792","13","2021-12-31 09:46:05"
"Abruzzo","Italy","IT","42.35039817","13.39002478","13","2021-12-31 09:46:05"
"Copenhagen","Denmark","DK","55.670249","10.333328","13","2021-12-31 09:46:05"
"Liguria","Italy","IT","44.40998822","8.930038614","13","2021-12-31 09:46:05"
"Auckland","New Zealand","NZ","-36.850013","174.7649808","13","2021-12-31 09:46:05"
"Wyoming","USA","US","41.14000694","-104.8197107","13","2021-12-31 09:46:05"
"Yucatan","Mexico","MX","21.2125","-87.741667","13","2021-12-31 09:46:05"
"Tabasco","Mexico","MX","17.99997235","-92.89997319","12","2021-12-31 09:46:05"
"Rhineland-Palatinate","Germany","DE","49.97559589609918","8.242795445058087","12","2021-12-31 09:46:05"
"Louth","Ireland","IE","54.00041058","-6.416673219","12","2021-12-31 09:46:05"
"Lima","Peru","PE","-12.04801268","-77.05006209","12","2021-12-31 09:46:05"
"Hamburg","Germany","DE","53.55002464","9.999999144","12","2021-12-31 09:46:05"
"Kilkenny","Ireland","IE","52.65454958","-7.252255291","11","2021-12-31 09:46:05"
"Selangor","Malaysia","MY","3.166665872","101.6999833","11","2021-12-31 09:46:05"
"Ceara","Brazil","BR","-1.75","-44.833333","11","2021-12-31 09:46:05"
"Cavan","Ireland","IE","54.2116667","-7.2102778","11","2021-12-31 09:46:05"
"Ljubljana","Slovenia","SI","45.813311","14.480837","11","2021-12-31 09:46:05"
"Victoria","Australia","AU","-37.82003131","144.9750162","11","2021-12-31 09:46:05"
"Missouri","USA","US","38.63501772","-90.23998051","10","2021-12-31 09:46:05"
"Offaly","Ireland","IE","53.29355573146341","-7.467236517193396","10","2021-12-31 09:46:05"
"Brazzaville","Republic of the Congo","CG","-4.259185772","15.28468949","10","2021-12-31 09:46:05"
"Australian Capital Territory","Australia","AU","-35.28302855","149.1290262","10","2021-12-31 09:46:05"
"Drenthe","Netherlands","NL","53.00000109","6.550002585","10","2021-12-31 09:46:05"
"Biobio","Chile","CL","-36.822056901745285","-73.05377577588885","9","2021-12-31 09:46:05"
"Seoul","South Korea","KR","35.398501","127.937111","9","2021-12-31 09:46:05"
"Luxembourg","Belgium","BE","49.68520223898451","5.80973663430238","9","2021-12-31 09:46:05"
"Muscat","Oman","OM","23.61332481","58.59331213","9","2021-12-31 09:46:05"
"Maine","USA","US","44.31056276","-69.77998906","9","2021-12-31 09:46:05"
"Brabant Wallon","Belgium","BE","50.71157849296293","4.617533306464373","9","2021-12-31 09:46:05"
"Newfoundland and Labrador","Canada","CA","56.54735147","-61.6860454","9","2021-12-31 09:46:05"
"Kildare","Ireland","IE","53.1561111","-6.9144444","9","2021-12-31 09:46:05"
"Western Australia","Australia","AU","-31.95501463","115.8399987","9","2021-12-31 09:46:05"
"Basque Country","Spain","ES","42.991182","-2.554302","9","2021-12-31 09:46:05"
"Flanders","Belgium","BE","51.22037355","4.415017048","9","2021-12-31 09:46:05"
"Santa Fe","Argentina","AR","-32.95112954","-60.66630762","9","2021-12-31 09:46:05"
"Podgorica","Montenegro","ME","42.46597251","19.26630692","8","2021-12-31 09:46:05"
"Liberec Region","Czech Republic","CZ","50.765284000691196","15.043091481817214","8","2021-12-31 09:46:05"
"Vermont","USA","US","44.47579816","-73.21246688","8","2021-12-31 09:46:05"
"Bandar Seri Begawan","Brunei","BN","4.8833333","114.9333333","8","2021-12-31 09:46:05"
"Maputo Cidade","Mozambique","MZ","-25.833749753539735","32.61763888614756","8","2021-12-31 09:46:05"
"Manitoba","Canada","CA","58.76598533","-94.1659941","8","2021-12-31 09:46:05"
"Puglia","Italy","IT","41.11890826161115","16.87902123705369","8","2021-12-31 09:46:05"
"West Pomeranian Voivodeship","Poland","PL","54.033333","16.2","8","2021-12-31 09:46:05"
"BS","Switzerland","CH","47.560194182376335","7.5897493904184765","8","2021-12-31 09:46:05"
"New Mexico","USA","US","35.68692893","-105.9372394","7","2021-12-31 09:46:05"
"Glarus","Switzerland","CH","47.05000204","9.066699587","7","2021-12-31 09:46:05"
"Trentino-Alto Adige","Italy","IT","46.08042889","11.11998246","7","2021-12-31 09:46:05"
"Port Louis","Mauritius","MU","-20.275945","57.570357","7","2021-12-31 09:46:05"
"Canterbury","New Zealand","NZ","-43.53503131","172.6300207","7","2021-12-31 09:46:05"
"Zhejiang","China","CN","30.24997398","120.1700187","7","2021-12-31 09:46:05"
"Saint-Denis","Reunion","RE","-21.130933","55.526577","7","2021-12-31 09:46:05"
"Maun","Botswana","BW","-19.98959511","23.42000688","7","2021-12-31 09:46:05"
"Saxony","Germany","DE","51.176302935430556","13.664900636792785","7","2021-12-31 09:46:05"
"Provence-Alpes-Cote d'Azur","France","FR","43.99922351896891","6.065547726316449","7","2021-12-31 09:46:05"
"Dhaka","Bangladesh","BD","23.72305971","90.40857947","7","2021-12-31 09:46:05"
"Tyrol","Austria","AT","47.38225194077579","11.53173448714752","7","2021-12-31 09:46:05"
"British Columbia","Canada","CA","49.27341658","-123.1216442","7","2021-12-31 09:46:05"
"Lower Austria","Austria","AT","48.22020954724865","15.638653184939384","7","2021-12-31 09:46:05"
"Hauts-de-France","France","FR","50.673250337379784","3.0534444673234233","7","2021-12-31 09:46:05"
"O'Higgins","Chile","CL","-34.164698075920235","-70.75966606595497","6","2021-12-31 09:46:05"
"Los Lagos","Chile","CL","-41.4699894","-72.92997766","6","2021-12-31 09:46:05"
"Pichincha","Ecuador","EC","-0.214988181","-78.50005111","6","2021-12-31 09:46:05"
"Lucerne","Switzerland","CH","47.05042137","8.280000772","6","2021-12-31 09:46:05"
"Navarra","Spain","ES","42.612524","-1.831063","6","2021-12-31 09:46:05"
"Grand Est","France","FR","48.56539634300318","7.524324557639604","6","2021-12-31 09:46:05"
"Kaunas County","Lithuania","LT","54.89690268427904","23.911532392276786","6","2021-12-31 09:46:05"
"Cape Town","South Africa","ZA","-28.816624","24.991639","6","2021-12-31 09:46:05"
"South Australia","Australia","AU","-34.93498777","138.6000048","6","2021-12-31 09:46:05"
"Bekkevoort","Belgium","BE","50.95","4.966667","6","2021-12-31 09:46:05"
"Putte","Belgium","BE","51.066667","4.633333","5","2021-12-31 09:46:05"
"Osaka","Japan","JP","34.75003522","135.4601448","5","2021-12-31 09:46:05"
"Sarawak","Malaysia","MY","1.529969909","110.3299991","5","2021-12-31 09:46:05"
"Tamaulipas","Mexico","MX","22.30001996","-97.87000574","5","2021-12-31 09:46:05"
"La Araucania","Chile","CL","-38.73239097680774","-72.59257564768717","5","2021-12-31 09:46:05"
"Tervuren","Belgium","BE","50.816667","4.516667","5","2021-12-31 09:46:05"
"Arkansas","USA","US","34.73608258","-92.33109318","5","2021-12-31 09:46:05"
"Antofagasta","Chile","CL","-23.64999184","-70.40000289","5","2021-12-31 09:46:05"
"New Hampshire","USA","US","43.20807192","-71.53804712","5","2021-12-31 09:46:05"
"Normandie","France","FR","49.502020969848544","1.1054720401162699","5","2021-12-31 09:46:05"
"Montana","USA","US","46.59274904","-112.035291","5","2021-12-31 09:46:05"
"Castilla-La Mancha","Spain","ES","40.63370709","-3.166587363","5","2021-12-31 09:46:05"
"Walloon Brabant","Belgium","BE","50.71640904877403","4.615267202963448","5","2021-12-31 09:46:05"
"Oklahoma","USA","US","35.47004295","-97.51868351","5","2021-12-31 09:46:05"
"Roeselare","Belgium","BE","50.95","3.133333","5","2021-12-31 09:46:05"
"Solothurn","Switzerland","CH","47.2120021","7.536996608","5","2021-12-31 09:46:05"
"Copperbelt","Zambia","ZM","-12.81003335","28.22002397","5","2021-12-31 09:46:05"
"Thurgau","Switzerland","CH","47.56799717","9.108000502","5","2021-12-31 09:46:05"
"Delaware","USA","US","39.74626772","-75.54689803","4","2021-12-31 09:46:05"
"Western cape","South Africa","ZA","-33.92001097","18.43498816","4","2021-12-31 09:46:05"
"Zagreb County","Croatia","HR","45.80000673","15.99999467","4","2021-12-31 09:46:05"
"Limerick","Ireland","IE","52.664704","-8.623050172","4","2021-12-31 09:46:05"
"Albacete","Spain","ES","39.00034426","-1.869999839","4","2021-12-31 09:46:05"
"Lakes","New Zealand","NZ","-42.448984329220934","172.35538154678923","4","2021-12-31 09:46:05"
"Silesian Voivodeship","Poland","PL","50.23731020481696","18.683252102346426","4","2021-12-31 09:46:05"
"Zug","Switzerland","CH","47.17899903","8.487000565","4","2021-12-31 09:46:05"
"Counties Manukau","New Zealand","NZ","-36.991525965882545","174.87694785282875","4","2021-12-31 09:46:05"
"Brandenburg","Germany","DE","52.40040489","13.06999263","4","2021-12-31 09:46:05"
"Puebla","Mexico","MX","19.04995994","-98.20003727","4","2021-12-31 09:46:05"
"Antwerp","Belgium","BE","51.22037355","4.415017048","4","2021-12-31 09:46:05"
"Bucharest","Romania","RO","44.4333718","26.09994665","4","2021-12-31 09:46:05"
"Appenzell Ausserrhoden","Switzerland","CH","47.38329903","9.283302472","4","2021-12-31 09:46:05"
"Maramures","Romania","RO","47.65945396","23.57906693","4","2021-12-31 09:46:05"
"Liège","Belgium","BE","50.631457878003054","5.576787893007008","4","2021-12-31 09:46:05"
"Flevoland","Netherlands","NL","52.516482163955814","5.476101593638973","4","2021-12-31 09:46:05"
"Klaipedos apskr.","Lithuania","LT","55.7025524099203","21.140033420929818","4","2021-12-31 09:46:05"
"Vestfold og Telemark","Norway","NO","59.20758719459393","9.60584165018867","4","2021-12-31 09:46:05"
"Vestland","Norway","NO","60.42470850022502","5.370993468965778","4","2021-12-31 09:46:05"
"Vysocina Region","Czech Republic","CZ","49.401137341821745","15.590223589602525","4","2021-12-31 09:46:05"
"Moravian-Silesian Region","Czech Republic","CZ","49.82296764720205","18.261076482945903","4","2021-12-31 09:46:05"
"Beirut","Lebanon","LB","33.87197512","35.50970821","4","2021-12-31 09:46:05"
"Alaska","USA","US","61.21996991","-149.9002149","4","2021-12-31 09:46:05"
"Vaduz","Liechtenstein","LI","47.141631","9.553153","4","2021-12-31 09:46:05"
"Rabat","Morocco","MA","34.02529909","-6.83613082","4","2021-12-31 09:46:05"
"Fronteira","Mozambique","MZ","-23.86704250196435","35.384984745904404","4","2021-12-31 09:46:05"
"Split-Dalmatia County","Croatia","HR","43.51104899858299","16.442169806823596","4","2021-12-31 09:46:05"
"Francistown","Botswana","BW","-21.17003986","27.50001623","4","2021-12-31 09:46:05"
"Islamabad","Pakistan","PK","30.33084","71.247499","3","2021-12-31 09:46:05"
"Schaffhausen","Switzerland","CH","47.70600309","8.632998523","3","2021-12-31 09:46:05"
"Tanger","Morocco","MA","35.780576","-5.813646","3","2021-12-31 09:46:05"
"Sint-agatha-berchem","Belgium","BE","50.866667","4.283333","3","2021-12-31 09:46:05"
"Masovian Voivodeship","Poland","PL","52.286714432536115","21.005278941276853","3","2021-12-31 09:46:05"
"Helsinki","Finland","FI","63.246778","25.920916","3","2021-12-31 09:46:05"
"Sint-Pieters-Leeuw","Belgium","BE","50.783333","4.233333","3","2021-12-31 09:46:05"
"Schaarbeek","Belgium","BE","50.85","4.383333","3","2021-12-31 09:46:05"
"BL","Switzerland","CH","47.48761730134179","7.73347783158963","3","2021-12-31 09:46:05"
"Heverlee","Belgium","BE","50.866667","4.7","3","2021-12-31 09:46:05"
"Chaco","Argentina","AR","-27.45999184","-58.99002751","3","2021-12-31 09:46:05"
"Troms og Finnmark","Norway","NO","69.66380489489775","18.943910253562137","3","2021-12-31 09:46:05"
"Overijssel","Netherlands","NL","52.52400009","6.096996529","3","2021-12-31 09:46:05"
"San Juan-Laventille Regional Corporation","Trinidad and Tobago","TT","10.662788564442867","-61.47775110078018","3","2021-12-31 09:46:05"
"Colombo","Sri Lanka","LK","6.931965758","79.85775061","3","2021-12-31 09:46:05"
"Fes","Morocco","MA","34.037151","-4.999797","3","2021-12-31 09:46:05"
"Marracuene","Mozambique","MZ","-25.7369444","32.6763889","3","2021-12-31 09:46:05"
"Mombasa","Kenya","KE","-4.040026022","39.68991817","3","2021-12-31 09:46:05"
"Ham","Belgium","BE","50.933333","3.45","3","2021-12-31 09:46:05"
"Jette","Belgium","BE","50.866667","4.333333","3","2021-12-31 09:46:05"
"Goodhope","Botswana","BW","-25.47469196723527","25.43156794529709","3","2021-12-31 09:46:05"
"Bucuresti","Romania","RO","44.436141","26.10272","3","2021-12-31 09:46:05"
"Calabria","Italy","IT","38.9003762","16.60000972","3","2021-12-31 09:46:05"
"Kathmandu","Nepal","NP","27.728021277774346","85.32890642590002","3","2021-12-31 09:46:05"
"Nitra","Slovakia","SK","48.3166667","18.0833333","3","2021-12-31 09:46:05"
"Berchem","Belgium","BE","50.783333","3.5","3","2021-12-31 09:46:05"
"Karnataka","India","IN","12.96999514","77.56000972","2","2021-12-31 09:46:05"
"Marrakech","Morocco","MA","31.631485","-8.008281","2","2021-12-31 09:46:05"
"Evere","Belgium","BE","50.866667","4.4","2","2021-12-31 09:46:05"
"Jura","Switzerland","CH","47.36999713","7.344999488","2","2021-12-31 09:46:05"
"Kenitra","Morocco","MA","34.27040041","-6.579996583","2","2021-12-31 09:46:05"
"National Capital Region","Philippines","PH","14.600575489899544","120.98449405210665","2","2021-12-31 09:46:05"
"Wannegem-lede","Belgium","BE","50.883333","3.55","2","2021-12-31 09:46:05"
"Caracas","Venezuela","VE","8.001871","-66.110932","2","2021-12-31 09:46:05"
"Zeeland","Netherlands","NL","51.50199618","3.609999541","2","2021-12-31 09:46:05"
"Oudergem","Belgium","BE","50.816667","4.433333","2","2021-12-31 09:46:05"
"Distrito Federal","Brazil","BR","-15.78334023","-47.91605229","2","2021-12-31 09:46:05"
"Friuli Venezia Giulia","Italy","IT","45.67245408203169","13.738836570214954","2","2021-12-31 09:46:05"
"Narino","Colombia","CO","10.381715137894377","-75.47907278416761","2","2021-12-31 09:46:05"
"East Flanders","Belgium","BE","51.02999758","3.700021931","2","2021-12-31 09:46:05"
"Levice region","Slovakia","SK","48.641157543464736","18.10847612632007","2","2021-12-31 09:46:05"
"Dworp","Belgium","BE","50.733333","4.3","2","2021-12-31 09:46:05"
"Moscow Oblast","Russia","RU","55.75216412","37.61552283","2","2021-12-31 09:46:05"
"Santa Catarina","Brazil","BR","-27.57998452","-48.52002059","2","2021-12-31 09:46:05"
"Carlow","Ireland","IE","52.8408333","-6.9261111","2","2021-12-31 09:46:05"
"North-Western","Zambia","ZM","-13.54001463","23.10994828","2","2021-12-31 09:46:05"
"Wallis","Switzerland","CH","46.022560427987095","7.769956340726898","2","2021-12-31 09:46:05"
"Valle d'Aosta","Italy","IT","45.73700107","7.315002596","2","2021-12-31 09:46:05"
"Balearic Islands","Spain","ES","39.59680298570407","2.662876887922043","2","2021-12-31 09:46:05"
"Wezembeek-oppem","Belgium","BE","50.85","4.483333","2","2021-12-31 09:46:05"
"Ramatlabama","Botswana","BW","-24.628141806176643","25.92478319035186","2","2021-12-31 09:46:05"
"Arica and Parinacote","Chile","CL","-33.4529580157837","-70.69626999985029","2","2021-12-31 09:46:05"
"Karachi","Pakistan","PK","24.86999229","66.99000891","2","2021-12-31 09:46:05"
"Geetbets","Belgium","BE","50.883333","5.116667","2","2021-12-31 09:46:05"
"South Dakota","USA","US","44.36833701","-100.350552","2","2021-12-31 09:46:05"
"Burgenland","Austria","AT","47.83329908","16.53329747","2","2021-12-31 09:46:05"
"Zamfara State","Nigeria","NG","12.047821","5.73524","2","2021-12-31 09:46:05"
"Saarland","Germany","DE","49.25039044","6.970003213","2","2021-12-31 09:46:05"
"KwaZulu Natal","South Africa","ZA","-29.854784392582125","31.01152444188375","2","2021-12-31 09:46:05"
"Leuven","Belgium","BE","50.883333","4.7","2","2021-12-31 09:46:05"
"Algiers","Algeria","DZ","36.7630648","3.05055253","2","2021-12-31 09:46:05"
"Sinaloa","Mexico","MX","23.22110069","-106.4200007","2","2021-12-31 09:46:05"
"Hainault","Belgium","BE","50.83774849851746","4.362710070410284","2","2021-12-31 09:46:05"
"Halle","Belgium","BE","49.916667","5.35","2","2021-12-31 09:46:05"
"Athens","Greece","GR","39.000041","21.999957","2","2021-12-31 09:46:05"
"Monaghan","Ireland","IE","54.25","-6.9666667","2","2021-12-31 09:46:05"
"Neuchatel","Switzerland","CH","46.99899914","6.922998615","2","2021-12-31 09:46:05"
"Marawila","Sri Lanka","LK","7.4094444","79.8322222","2","2021-12-31 09:46:05"
"Meerhout","Belgium","BE","51.133333","5.083333","2","2021-12-31 09:46:05"
"Carinthia","Austria","AT","46.63582568327663","14.312722197915608","1","2021-12-31 09:46:05"
"Nidwalden","Switzerland","CH","46.95000307","8.383302547","1","2021-12-31 09:46:05"
"Flandre orientale","Belgium","BE","50.83774849851746","4.362710070410284","1","2021-12-31 09:46:05"
"Nordland","Norway","NO","67.24677227","14.39901132","1","2021-12-31 09:46:05"
"Menen","Belgium","BE","50.8","3.116667","1","2021-12-31 09:46:05"
"Rio de Janeiro","Brazil","BR","-22.92502317","-43.22502079","1","2021-12-31 09:46:05"
"Northern Territory","Australia","AU","-23.70099648","133.8800345","1","2021-12-31 09:46:05"
"Central Visayas","Philippines","PH","10.325461759743318","123.87974766266375","1","2021-12-31 09:46:05"
"Bihor","Romania","RO","47.04998212","21.91999508","1","2021-12-31 09:46:05"
"Pellenberg","Belgium","BE","50.866667","4.8","1","2021-12-31 09:46:05"
"Greater Poland Voivodeship","Poland","PL","52.75226","16.990493","1","2021-12-31 09:46:05"
"Zichem","Belgium","BE","51","4.983333","1","2021-12-31 09:46:05"
"Tierra del Fuego","Argentina","AR","-54.79000324","-68.31000126","1","2021-12-31 09:46:05"
"Etterbeek","Belgium","BE","50.833333","4.383333","1","2021-12-31 09:46:05"
"Trondelag","Norway","NO","63.422739849012906","10.376990605807197","1","2021-12-31 09:46:05"
"West Java","Indonesia","ID","-6.889169","107.640472","1","2021-12-31 09:46:05"
"Goias","Brazil","BR","-15.933333","-50.133333","1","2021-12-31 09:46:05"
"Vlamertinge","Belgium","BE","50.85","2.816667","1","2021-12-31 09:46:05"
"Ilfov","Romania","RO","44.42309606578658","26.110476132558514","1","2021-12-31 09:46:05"
"Siaya","Kenya","KE","0.06","34.2861111","1","2021-12-31 09:46:05"
"Oaxaca","Mexico","MX","17.08268984","-96.66994979","1","2021-12-31 09:46:05"
"Guerrero","Mexico","MX","16.84999086","-99.91597905","1","2021-12-31 09:46:05"
"Geel","Belgium","BE","51.166667","5","1","2021-12-31 09:46:05"
"Poperinge","Belgium","BE","50.85","2.716667","1","2021-12-31 09:46:05"
"Maputo","Mozambique","MZ","-25.837750774923936","32.62128089940649","1","2021-12-31 09:46:05"
"Prague Region","Czech Republic","CZ","50.07838708237321","14.436369147273933","1","2021-12-31 09:46:05"
"Freetown","Sierra Leone","SL","8.640035","-11.840027","1","2021-12-31 09:46:05"
"Pays de la Loire","France","FR","47.21038576","-1.590016929","1","2021-12-31 09:46:05"
"Federal District","Brazil","BR","-15.78659791517614","-47.898349830321656","1","2021-12-31 09:46:05"
"Lentsweletau","Botswana","BW","-24.628141806176643","25.92478319035186","1","2021-12-31 09:46:05"
"Saxony-Anhalt","Germany","DE","52.1598376605673","11.615395636479233","1","2021-12-31 09:46:05"
"Hanoi","Vietnam","VN","21.03332725","105.8500142","1","2021-12-31 09:46:05"
"Asse","Belgium","BE","50.7","5.783333","1","2021-12-31 09:46:05"
"De pinte","Belgium","BE","51","3.65","1","2021-12-31 09:46:05"
"Tangier","Morocco","MA","35.74728701","-5.832703696","1","2021-12-31 09:46:05"
"Leopoldsburg","Belgium","BE","51.116667","5.25","1","2021-12-31 09:46:05"
"Appenzell Innerrhoden","Switzerland","CH","47.3333041","9.416700505","1","2021-12-31 09:46:05"
"Ninove","Belgium","BE","50.833333","4.016667","1","2021-12-31 09:46:05"
"Osrednjeslovenska","Slovenia","SI","46.05528831","14.51496903","1","2021-12-31 09:46:05"
"Nijlen","Belgium","BE","51.166667","4.65","1","2021-12-31 09:46:05"
"Waterford","Ireland","IE","52.2582947","-7.111927939","1","2021-12-31 09:46:05"
"Muizen","Belgium","BE","50.766667","5.166667","1","2021-12-31 09:46:05"
"Alken","Belgium","BE","50.866667","5.3","1","2021-12-31 09:46:05"
"Thuringia","Germany","DE","50.96536184929834","11.026856890321518","1","2021-12-31 09:46:05"
"Limbourg","Belgium","BE","50.616667","5.933333","1","2021-12-31 09:46:05"
"Webbekom","Belgium","BE","50.966667","5.066667","1","2021-12-31 09:46:05"
"Rogaland","Norway","NO","58.97000389","5.680004434","1","2021-12-31 09:46:05"
"Begijnendijk","Belgium","BE","51.016667","4.766667","1","2021-12-31 09:46:05"
"Oudenaarde","Belgium","BE","50.85","3.6","1","2021-12-31 09:46:05"
"San José","Costa Rica","CR","9.927780708464883","-84.09002114195802","1","2021-12-31 09:46:05"
"Deinze","Belgium","BE","50.983333","3.533333","1","2021-12-31 09:46:05"
"Lembeek","Belgium","BE","50.716667","4.216667","1","2021-12-31 09:46:05"
"Edegem","Belgium","BE","51.15","4.45","1","2021-12-31 09:46:05"
"Lahore","Pakistan","PK","31.55997154","74.35002478","1","2021-12-31 09:46:05"
"Massachusets","USA","US","42.3732140673818","-71.07022839646667","1","2021-12-31 09:46:05"
"Wilrijk","Belgium","BE","51.166667","4.4","1","2021-12-31 09:46:05"
"Court-saint-etienne","Belgium","BE","50.65","4.566667","1","2021-12-31 09:46:05"
"Zlin Region","Czech Republic","CZ","49.22687780271616","17.664196485234147","1","2021-12-31 09:46:05"
"Selibe Phikwe","Botswana","BW","-24.628141806176643","25.92478319035186","1","2021-12-31 09:46:05"
"Kampala","Uganda","UG","1.533355","32.216658","1","2021-12-31 09:46:05"
"Alsemberg","Belgium","BE","50.733333","4.316667","1","2021-12-31 09:46:05"
"Pays de loire","France","FR","47.29119259488096","-1.5333788805465518","1","2021-12-31 09:46:05"
"Veracruz","Mexico","MX","19.17734235","-96.15998092","1","2021-12-31 09:46:05"
"Chon Buri","Thailand","TH","13.365843","100.988962","1","2021-12-31 09:46:05"
"Laois","Ireland","IE","53.03191519586624","-7.302814962642774","1","2021-12-31 09:46:05"
"Oshana","Namibia","NA","-17.78001422","15.77003454","1","2021-12-31 09:46:05"
"Deurne","Belgium","BE","50.783333","4.75","1","2021-12-31 09:46:05"
"Bellingen","Belgium","BE","50.75","4.15","1","2021-12-31 09:46:05"
"More og Romsdal","Norway","NO","62.7441843511609","7.145494974098184","1","2021-12-31 09:46:05"
"Tvrdosin","Slovakia","SK","49.3333333","19.5666667","1","2021-12-31 09:46:05"
"Akwa-Ibom State","Nigeria","NG","4.570404479","7.559993041","1","2021-12-31 09:46:05"
"Sint-Agatha-Berchem","Belgium","BE","50.866667","4.283333","1","2021-12-31 09:46:05"
"Nove Mesto nad Vahom region","Slovakia","SK","48.641157543464736","18.10847612632007","1","2021-12-31 09:46:05"
"Central District","Botswana","BW","-22.39001707","26.71003861","1","2021-12-31 09:46:05"
"Beersel","Belgium","BE","50.766667","4.3","1","2021-12-31 09:46:05"
"Olomouc region","Czech Republic","CZ","49.591091341441256","17.25448625143518","1","2021-12-31 09:46:05"
"Anvaing","Belgium","BE","50.683333","3.55","1","2021-12-31 09:46:05"
"Galway","Ireland","IE","53.272393","-9.048812298","1","2021-12-31 09:46:05"
"Rome","Italy","IT","42.638426","12.674297","1","2021-12-31 09:46:05"
"Trencin","Slovakia","SK","48.9","18.0333333","1","2021-12-31 09:46:05"
"Ottawa","Canada","CA","61.066692","-107.991707","1","2021-12-31 09:46:05"
"Rio Grande do Sul","Brazil","BR","-30.05001463","-51.20001205","1","2021-12-31 09:46:05"
"Tianjin","China","CN","39.13002626","117.2000191","1","2021-12-31 09:46:05"
"Longford","Ireland","IE","53.0613889","-7.7444444","1","2021-12-31 09:46:05"
"Magdalena","Colombia","CO","11.24720624","-74.20165715","1","2021-12-31 09:46:05"
"Suez","Egypt","EG","30.00497601","32.54994055","1","2021-12-31 09:46:05"
"Utena County","Lithuania","LT","55.50404193874243","25.62868439607007","1","2021-12-31 09:46:05"
"Opole Voivodeship","Poland","PL","50.66752275981852","17.922997638708843","1","2021-12-31 09:46:05"
"Buizingen","Belgium","BE","50.733333","4.25","1","2021-12-31 09:46:05"
"Coclesito","Panama","PA","8.982312713131142","-79.5215701579569","1","2021-12-31 09:46:05"
"Keerbergen","Belgium","BE","51","4.616667","1","2021-12-31 09:46:05"
"Sandies Bathala resort","Maldives","MV","3.7833333","72.9666667","1","2021-12-31 09:46:05"
"Anvers","Belgium","BE","51.216667","4.416667","1","2021-12-31 09:46:05"
"Sörmland","Sweden","SE","58.75995502521435","17.01825759504832","1","2021-12-31 09:46:05"
"Beernem","Belgium","BE","51.15","3.333333","1","2021-12-31 09:46:05"
"Zonhoven","Belgium","BE","50.983333","5.35","1","2021-12-31 09:46:05"
"Hradec Kralove region","Czech Republic","CZ","50.21182259630564","15.817662482660165","1","2021-12-31 09:46:05"
"Siauliu apskr.","Lithuania","LT","55.73478920952427","24.360301958444364","1","2021-12-31 09:46:05"
"Capital and Coast","New Zealand","NZ","-41.30961878320009","174.78015998745204","1","2021-12-31 09:46:05"
"Nonthaburi","Thailand","TH","13.83368919","100.4833134","1","2021-12-31 09:46:05"
"Hradec Kralove Region","Czech Republic","CZ","50.21182259630564","15.817662482660165","1","2021-12-31 09:46:05"
"Vorarlberg","Austria","AT","47.51669707","9.766701588","1","2021-12-31 09:46:05"
"Ledegem","Belgium","BE","50.85","3.116667","1","2021-12-31 09:46:05"
"Herent","Belgium","BE","51.2","5.45","1","2021-12-31 09:46:05"
"Kajiado","Kenya","KE","-1.85","36.7833333","1","2021-12-31 09:46:05"
"Tocantins","Brazil","BR","-12.47000242","-49.08200179","1","2021-12-31 09:46:05"
"Tehran","Iran","IR","35.67194277","51.42434403","1","2021-12-31 09:46:05"
"Arkansa","USA","US","17.74715300494484","-64.70396834711046","1","2021-12-31 09:46:05"
"K.Male'","Maldives","MV","3.7833333","72.9666667","1","2021-12-31 09:46:05"
"Tubize","Belgium","BE","50.683333","4.2","1","2021-12-31 09:46:05"
"Quebec","Canada","CA","46.8","-71.25","1","2021-12-31 09:46:05"
"Tarapaca","Chile","CL","-19.916667","-69.516667","1","2021-12-31 09:46:05"
"Ressano Garcia","Mozambique","MZ","-25.4427778","31.9952778","1","2021-12-31 09:46:05"
"Sint-andries","Belgium","BE","51.2","3.166667","1","2021-12-31 09:46:05"
"Presov","Slovakia","SK","48.99973391","21.23936479","1","2021-12-31 09:46:05"
"Brasov","Romania","RO","45.64753542","25.6071602","1","2021-12-31 09:46:05"
"Los Rios","Chile","CL","-39.81649648798293","-73.23682336441895","1","2021-12-31 09:46:05"
"Stembert","Belgium","BE","50.583333","5.9","1","2021-12-31 09:46:05"
"Testelt","Belgium","BE","51","4.95","1","2021-12-31 09:46:05"
"Kwazulu-Natal","South Africa","ZA","-29.865013","30.98001054","1","2021-12-31 09:46:05"
"Herentals","Belgium","BE","51.183333","4.833333","1","2021-12-31 09:46:05"
"Jonkoping County","Sweden","SE","57.77147590284563","14.170996974727746","1","2021-12-31 09:46:05"
"Sint-lambrechts-woluwe","Belgium","BE","50.85","4.4","1","2021-12-31 09:46:05"
"Chiapas","Mexico","MX","16.74999697","-93.1500096","1","2021-12-31 09:46:05"
"Zilina","Slovakia","SK","49.21982383","18.74938757","1","2021-12-31 09:46:05"
"Heist-aan-zee","Belgium","BE","51.35","3.25","1","2021-12-31 09:46:05"
"Ploegsteert","Belgium","BE","50.716667","2.883333","1","2021-12-31 09:46:05"
"San Luis","Argentina","AR","-33.29999713","-66.35001754","1","2021-12-31 09:46:05"
"Upper Austria","Austria","AT","48.320411949110735","14.281774531186432","1","2021-12-31 09:46:05"
"Kyiv","Ukraine","UA","50.433333","30.516667","1","2021-12-31 09:46:05"
"Baja California","Mexico","MX","32.50001752","-117.079996","1","2021-12-31 09:46:05"
"Hidalgo","Mexico","MX","20.17043418","-98.73003076","1","2021-12-31 09:46:05"
"Gingelom","Belgium","BE","50.75","5.116667","1","2021-12-31 09:46:05"
"Otse","Botswana","BW","-25.0166667","25.7333333","1","2021-12-31 09:46:05"
"Bistrita Nasaud","Romania","RO","44.20808276428826","27.312825100242307","1","2021-12-31 09:46:05"
"Ryazan Oblast","Russia","RU","62.043062567352464","129.74119927547545","1","2021-12-31 09:46:05"
"England","United Kingdom","GB","52.795479","-0.54024","48884","2021-12-31 06:10:05"
"Scotland","United Kingdom","GB","56.786111","-4.114052","4516","2021-12-31 06:10:05"
"California","USA","US","33.98997825","-118.1799805","3587","2021-12-31 06:10:05"
"New York","USA","US","40.74997906","-73.98001693","2605","2021-12-31 06:10:05"
"Hovedstaden","Denmark","DK","55.67856419","12.56348575","2571","2021-12-31 06:10:05"
"Massachusetts","USA","US","42.32996014","-71.07001367","2144","2021-12-31 06:10:05"
"Texas","USA","US","29.81997438","-95.33997929","1772","2021-12-31 06:10:05"
"Jerusalem","Israel","IL","30.876027","35.00152","1727","2021-12-31 06:10:05"
"Midtjylland","Denmark","DK","56.157204","10.21068396","1265","2021-12-31 06:10:05"
"Washington","USA","US","47.57000205","-122.339985","998","2021-12-31 06:10:05"
"Queensland","Australia","AU","-27.45503091","153.0350927","896","2021-12-31 06:10:05"
"Colorado","USA","US","39.73918805","-104.984016","796","2021-12-31 06:10:05"
"Gauteng","South Africa","ZA","-26.17004474","28.03000972","774","2021-12-31 06:10:05"
"New South Wales","Australia","AU","-33.92001097","151.1851798","767","2021-12-31 06:10:05"
"Vienna","Austria","AT","48.20001528","16.36663896","766","2021-12-31 06:10:05"
"Florida","USA","US","25.7876107","-80.22410608","644","2021-12-31 06:10:05"
"Maryland","USA","US","39.29999005","-76.61998499","588","2021-12-31 06:10:05"
"Ontario","Canada","CA","43.69997988","-79.42002079","531","2021-12-31 06:10:05"
"Syddanmark","Denmark","DK","55.46703941","8.450016234","501","2021-12-31 06:10:05"
"Ohio","USA","US","39.16188479","-84.45692265","489","2021-12-31 06:10:05"
"Wisconsin","USA","US","43.05265505","-87.91996708","466","2021-12-31 06:10:05"
"Wales","United Kingdom","GB","52.01424913382731","-4.3979325841230725","454","2021-12-31 06:10:05"
"North Rhine-Westphalia","Germany","DE","51.20195859225799","7.114312164333355","437","2021-12-31 06:10:05"
"Georgia","USA","US","33.83001385","-84.39994938","422","2021-12-31 06:10:05"
"Western Cape","South Africa","ZA","-33.92001097","18.43498816","411","2021-12-31 06:10:05"
"Ile-de-France","France","FR","48.677181","2.502660","410","2021-12-31 06:10:05"
"Illinois","USA","US","41.82999066","-87.75005497","372","2021-12-31 06:10:05"
"Baden-Wurttemberg","Germany","DE","48.629697","9.194953","366","2021-12-31 06:10:05"
"Sjaelland","Denmark","DK","55.924666","11.667981","360","2021-12-31 06:10:05"
"Louisiana","USA","US","29.99500246","-90.03996688","357","2021-12-31 06:10:05"
"District of Columbia","USA","US","38.89954938","-77.00941858","347","2021-12-31 06:10:05"
"Sodermanland","Sweden","SE","58.09346909478341","12.938326946376781","321","2021-12-31 06:10:05"
"KwaZulu-Natal","South Africa","ZA","-29.865013","30.98001054","316","2021-12-31 06:10:05"
"Nordjylland","Denmark","DK","57.03371381","9.916593382","315","2021-12-31 06:10:05"
"New Jersey","USA","US","40.2169625","-74.74335535","304","2021-12-31 06:10:05"
"Connecticut","USA","US","41.17997866","-73.19996118","282","2021-12-31 06:10:05"
"Singapore","Singapore","SG","1.293033466","103.8558207","281","2021-12-31 06:10:05"
"Arizona","USA","US","33.53997988","-112.0699917","278","2021-12-31 06:10:05"
"Madrid","Spain","ES","40.40002626","-3.683351686","270","2021-12-31 06:10:05"
"Schleswig-Holstein","Germany","DE","54.33039044","10.13001705","267","2021-12-31 06:10:05"
"Hamburg","Germany","DE","53.55002464","9.999999144","249","2021-12-31 06:10:05"
"Bavaria","Germany","DE","48.946756","11.403872","244","2021-12-31 06:10:05"
"Hesse","Germany","DE","50.135596453384885","8.758188152468822","235","2021-12-31 06:10:05"
"North Holland","Netherlands","NL","52.34996869","4.916640176","230","2021-12-31 06:10:05"
"Utah","USA","US","40.7750163","-111.9300519","229","2021-12-31 06:10:05"
"Zurich","Switzerland","CH","47.366667","8.55","225","2021-12-31 06:10:05"
"Region Metropolitana de Santiago","Chile","CL","-33.45497681217888","-70.67027304393957","222","2021-12-31 06:10:05"
"Brussels-Capital Region","Belgium","BE","50.833333","4.333333","218","2021-12-31 06:10:05"
"Catalunya","Spain","ES","41.51837610258702","2.574809125713121","212","2021-12-31 06:10:05"
"Ankara","Turkey","TR","38.959759","34.924965","199","2021-12-31 06:10:05"
"Lisbon","Portugal","PT","39.430125","-8.560792","194","2021-12-31 06:10:05"
"Indiana","USA","US","39.74998842","-86.17004806","185","2021-12-31 06:10:05"
"North Carolina","USA","US","35.81878135","-78.64469344","174","2021-12-31 06:10:05"
"Gaborone","Botswana","BW","-24.64631346","25.91194779","164","2021-12-31 06:10:05"
"Mexico City","Mexico","MX","19.44244244","-99.1309882","159","2021-12-31 06:10:05"
"Viken","Norway","NO","69.266667","17.95","153","2021-12-31 06:10:05"
"North Dakota","USA","US","46.80831728","-100.7833163","152","2021-12-31 06:10:05"
"Minnesota","USA","US","44.97997927","-93.25178634","148","2021-12-31 06:10:05"
"Tokyo","Japan","JP","36.574844","139.239418","147","2021-12-31 06:10:05"
"Skane","Sweden","SE","59.083056","12.933056","144","2021-12-31 06:10:05"
"Lombardy","Italy","IT","45.4699752","9.20500891","132","2021-12-31 06:10:05"
"Berlin","Germany","DE","52.52181866","13.40154862","127","2021-12-31 06:10:05"
"Pennsylvania","USA","US","39.99997316","-75.16999597","125","2021-12-31 06:10:05"
"Westside","Gibraltar","GI","36.13243495","-5.37807483","122","2021-12-31 06:10:05"
"Sao Paulo","Brazil","BR","-23.55867959","-46.62501998","121","2021-12-31 06:10:05"
"Northern Cape","South Africa","ZA","-28.46003416","21.23001135","120","2021-12-31 06:10:05"
"Hainaut","Belgium","BE","50.44599911","3.939003561","118","2021-12-31 06:10:05"
"Vaud","Switzerland","CH","46.53042727","6.650022744","116","2021-12-31 06:10:05"
"Virginia","USA","US","36.84995872","-76.28000574","116","2021-12-31 06:10:05"
"Kentucky","USA","US","38.05001467","-84.50002079","107","2021-12-31 06:10:05"
"Oslo","Norway","NO","59.91669029","10.74997921","105","2021-12-31 06:10:05"
"Rhineland-Palatinate","Germany","DE","49.97559589609918","8.242795445058087","104","2021-12-31 06:10:05"
"Hawaii","USA","US","21.30687644","-157.8579979","102","2021-12-31 06:10:05"
"Lower Saxony","Germany","DE","52.52573001451669","9.553176638015858","100","2021-12-31 06:10:05"
"North West","South Africa","ZA","-26.88002724","26.62001827","95","2021-12-31 06:10:05"
"Ticino","Switzerland","CH","46.0003821","8.966677204","93","2021-12-31 06:10:05"
"Galicia","Spain","ES","42.22001853","-8.729994549","88","2021-12-31 06:10:05"
"Oregon","USA","US","45.52002382","-122.6799901","87","2021-12-31 06:10:05"
"Delhi","India","IN","28.60002301","77.19998002","83","2021-12-31 06:10:05"
"Bourgogne-Franche-Comte","France","FR","47.35922481724853","5.046329726446719","81","2021-12-31 06:10:05"
"Vermont","USA","US","44.47579816","-73.21246688","80","2021-12-31 06:10:05"
"West Virginia","USA","US","38.34973798","-81.63272811","78","2021-12-31 06:10:05"
"Limburg","Netherlands","NL","50.85299707","5.677002477","74","2021-12-31 06:10:05"
"Namur","Belgium","BE","50.47039349","4.870028034","74","2021-12-31 06:10:05"
"Stockholm","Sweden","SE","59.35075995","18.09733473","73","2021-12-31 06:10:05"
"St Gall","Switzerland","CH","47.42396017469374","9.373908631289154","73","2021-12-31 06:10:05"
"Cordoba","Argentina","AR","-31.413496","-64.181052","73","2021-12-31 06:10:05"
"Abuja","Nigeria","NG","9.083333149","7.533328002","72","2021-12-31 06:10:05"
"Chobe","Botswana","BW","-24.628141806176643","25.92478319035186","72","2021-12-31 06:10:05"
"Michigan","USA","US","42.32996014","-83.08005579","71","2021-12-31 06:10:05"
"Gujarat","India","IN","23.192333","71.932924","68","2021-12-31 06:10:05"
"Illes Balears","Spain","ES","39.583426513841324","2.6415066932363294","66","2021-12-31 06:10:05"
"Tennessee","USA","US","35.1199868","-89.99999516","66","2021-12-31 06:10:05"
"South East","Botswana","BW","-24.628141806176643","25.92478319035186","65","2021-12-31 06:10:05"
"Brandenburg","Germany","DE","52.40040489","13.06999263","65","2021-12-31 06:10:05"
"Umbria","Italy","IT","43.11037762","12.38998246","64","2021-12-31 06:10:05"
"Rhode Island","USA","US","41.82110231","-71.4149797","63","2021-12-31 06:10:05"
"Puerto Rico","Puerto Rico","PR","18.201781","-66.584125","62","2021-12-31 06:10:05"
"Mississippi","USA","US","32.29881533","-90.18499679","62","2021-12-31 06:10:05"
"South Carolina","USA","US","34.0399752","-80.89998214","62","2021-12-31 06:10:05"
"Piedmont","Italy","IT","45.07038719","7.669960489","59","2021-12-31 06:10:05"
"Occitanie","France","FR","43.71046142039314","1.5849108033716846","58","2021-12-31 06:10:05"
"Bern","Switzerland","CH","46.91668276","7.466975462","58","2021-12-31 06:10:05"
"Hong Kong","Hong Kong","HK","22.3049809","114.1850093","56","2021-12-31 06:10:05"
"Liege","Belgium","BE","50.62999615","5.580010537","52","2021-12-31 06:10:05"
"South Holland","Netherlands","NL","52.08003684","4.269961302","51","2021-12-31 06:10:05"
"Eastern Cape","South Africa","ZA","-33.97003375","25.60002885","49","2021-12-31 06:10:05"
"Montana","USA","US","46.59274904","-112.035291","49","2021-12-31 06:10:05"
"Jakarta","Indonesia","ID","-6.174417705","106.8294376","48","2021-12-31 06:10:05"
"Alberta","Canada","CA","53.55002464","-113.4999819","48","2021-12-31 06:10:05"
"Auvergne-Rhone-Alpes","France","FR","45.91386802433465","4.803816209653869","47","2021-12-31 06:10:05"
"Nevada","USA","US","36.20999778","-115.2200061","47","2021-12-31 06:10:05"
"Mpumalanga","South Africa","ZA","-26.93950682","29.24001339","47","2021-12-31 06:10:05"
"Leningrad Oblast","Russia","RU","59.894444","30.264167","45","2021-12-31 06:10:05"
"Iowa","USA","US","41.57998008","-93.61998092","45","2021-12-31 06:10:05"
"Dublin","Ireland","IE","53.33306114","-6.248905682","43","2021-12-31 06:10:05"
"Campania","Italy","IT","40.84002525","14.24501135","43","2021-12-31 06:10:05"
"Saxony","Germany","DE","51.176302935430556","13.664900636792785","43","2021-12-31 06:10:05"
"La Rioja","Spain","ES","42.47036501","-2.429991497","42","2021-12-31 06:10:05"
"Free State","South Africa","ZA","-29.045109284986843","26.12891463735748","41","2021-12-31 06:10:05"
"Vilnius County","Lithuania","LT","54.68336631","25.31663529","41","2021-12-31 06:10:05"
"Alabama","USA","US","32.36160219","-86.27918868","41","2021-12-31 06:10:05"
"Greater Accra","Ghana","GH","5.550034606","-0.21671574","40","2021-12-31 06:10:05"
"Valparaiso","Chile","CL","-33.04776447","-71.62101363","39","2021-12-31 06:10:05"
"Noord-Brabant","Netherlands","NL","51.42997316","5.50001542","39","2021-12-31 06:10:05"
"Lusaka","Zambia","ZM","-15.41664427","28.28332759","39","2021-12-31 06:10:05"
"Telangana","India","IN","17.38534928542657","78.47362101910744","37","2021-12-31 06:10:05"
"Cayenne","French Guiana","GF","4.932992166","-52.33002059","36","2021-12-31 06:10:05"
"State of Mexico","Mexico","MX","19.290949225744303","-99.66557626656848","35","2021-12-31 06:10:05"
"Valletta","Malta","MT","35.944673","14.383631","34","2021-12-31 06:10:05"
"Southern Region","Malawi","MW","-15.79000649","34.98994665","34","2021-12-31 06:10:05"
"Basel-Landschaft","Switzerland","CH","47.48300112","7.737003468","33","2021-12-31 06:10:05"
"Nairobi","Kenya","KE","-1.283346742","36.81665686","33","2021-12-31 06:10:05"
"Gelderland","Netherlands","NL","51.98799603","5.922999562","31","2021-12-31 06:10:05"
"Bretagne","France","FR","48.10002138","-1.670012046","30","2021-12-31 06:10:05"
"Kansas","USA","US","39.05000531","-95.66998499","30","2021-12-31 06:10:05"
"Emilia-Romagna","Italy","IT","44.50042198","11.34002071","30","2021-12-31 06:10:05"
"Groningen","Netherlands","NL","53.22040651","6.580001179","30","2021-12-31 06:10:05"
"Auckland","New Zealand","NZ","-36.850013","174.7649808","29","2021-12-31 06:10:05"
"Aargau","Switzerland","CH","47.3900041","8.03400361","28","2021-12-31 06:10:05"
"Limpopo","South Africa","ZA","-22.33999428","30.02999101","28","2021-12-31 06:10:05"
"Palapye","Botswana","BW","-22.55961912","27.13001298","28","2021-12-31 06:10:05"
"Grand Est","France","FR","48.56539634300318","7.524324557639604","27","2021-12-31 06:10:05"
"Basel-Stadt","Switzerland","CH","47.58038902","7.590017048","26","2021-12-31 06:10:05"
"Dakar","Senegal","SN","14.71583173","-17.47313013","26","2021-12-31 06:10:05"
"Greater-Accra","Ghana","GH","5.720625413583546","0.002148761837035082","26","2021-12-31 06:10:05"
"Geneva","Switzerland","CH","46.21000755","6.140028034","25","2021-12-31 06:10:05"
"Wallonie","Belgium","BE","50.46381708339539","4.869065171608994","25","2021-12-31 06:10:05"
"Bremen","Germany","DE","53.08000165","8.80002071","24","2021-12-31 06:10:05"
"Saskatchewan","Canada","CA","52.17003135","-106.6699854","24","2021-12-31 06:10:05"
"Friuli Venezia Giulia","Italy","IT","45.67245408203169","13.738836570214954","24","2021-12-31 06:10:05"
"Centre-Val de Loire","France","FR","48.51533732374239","1.6787301430316188","24","2021-12-31 06:10:05"
"South Moravian Region","Czech Republic","CZ","49.19179583591151","16.59948706078241","24","2021-12-31 06:10:05"
"Amman","Jordan","JO","31.95002525","35.93329993","23","2021-12-31 06:10:05"
"Veneto","Italy","IT","45.43865928","12.33499874","22","2021-12-31 06:10:05"
"Tbilisi","Georgia","GE","41.72500999","44.79079545","22","2021-12-31 06:10:05"
"Apulia","Italy","IT","40.50839174","17.22999711","22","2021-12-31 06:10:05"
"Normandie","France","FR","49.502020969848544","1.1054720401162699","22","2021-12-31 06:10:05"
"Nebraska","USA","US","41.24000083","-96.00999007","21","2021-12-31 06:10:05"
"Orebro","Sweden","SE","59.2803467","15.2199906","21","2021-12-31 06:10:05"
"Idaho","USA","US","43.60859011","-116.2274899","21","2021-12-31 06:10:05"
"Phnom Penh","Cambodia","KH","13.506639","104.869423","20","2021-12-31 06:10:05"
"Sicily","Italy","IT","38.17006405253222","13.331413407703723","20","2021-12-31 06:10:05"
"Innlandet","Norway","NO","61.12814120816056","10.469161284187708","20","2021-12-31 06:10:05"
"Lobatse","Botswana","BW","-25.2196118","25.68002397","19","2021-12-31 06:10:05"
"Diest","Belgium","BE","50.983333","5.05","19","2021-12-31 06:10:05"
"Tipperary","Ireland","IE","52.4733333","-8.1558333","19","2021-12-31 06:10:05"
"Maharashtra","India","IN","19.01699038","72.8569893","18","2021-12-31 06:10:05"
"Schwyz","Switzerland","CH","47.01999604","8.648001603","18","2021-12-31 06:10:05"
"Counties Manukau","New Zealand","NZ","-36.991525965882545","174.87694785282875","18","2021-12-31 06:10:05"
"Copenhagen","Denmark","DK","55.670249","10.333328","18","2021-12-31 06:10:05"
"Guayas","Ecuador","EC","-2.220033754","-79.92004195","18","2021-12-31 06:10:05"
"Canterbury","New Zealand","NZ","-43.53503131","172.6300207","18","2021-12-31 06:10:05"
"Quintana Roo","Mexico","MX","21.16995974","-86.83000777","18","2021-12-31 06:10:05"
"Northern Ireland","United Kingdom","GB","54.656883","-6.563435","18","2021-12-31 06:10:05"
"Bangkok","Thailand","TH","13.74999921","100.5166447","18","2021-12-31 06:10:05"
"Banten","Indonesia","ID","-6.109977194","106.1496342","18","2021-12-31 06:10:05"
"New Hampshire","USA","US","43.20807192","-71.53804712","18","2021-12-31 06:10:05"
"Flemish Brabant","Belgium","BE","50.878682166958484","4.702186755894528","17","2021-12-31 06:10:05"
"Ghent","Belgium","BE","51.05","3.716667","17","2021-12-31 06:10:05"
"New Delhi","India","IN","28.60002301","77.19998002","17","2021-12-31 06:10:05"
"Moravian-Silesian Region","Czech Republic","CZ","49.82296764720205","18.261076482945903","17","2021-12-31 06:10:05"
"Meath","Ireland","IE","53.649784","-6.588529","17","2021-12-31 06:10:05"
"Seoul","South Korea","KR","35.398501","127.937111","17","2021-12-31 06:10:05"
"Luxembourg","Belgium","BE","49.68520223898451","5.80973663430238","17","2021-12-31 06:10:05"
"Lazio","Italy","IT","41.89595563","12.48325842","17","2021-12-31 06:10:05"
"Islamabad","Pakistan","PK","33.69999595","73.16663448","16","2021-12-31 06:10:05"
"Maine","USA","US","44.31056276","-69.77998906","16","2021-12-31 06:10:05"
"Wyoming","USA","US","41.14000694","-104.8197107","16","2021-12-31 06:10:05"
"Khomas","Namibia","NA","-22.57000608","17.0835461","16","2021-12-31 06:10:05"
"Utrecht","Netherlands","NL","52.10034568","5.120038614","15","2021-12-31 06:10:05"
"Grisons","Switzerland","CH","46.8592410318989","9.52487535145903","15","2021-12-31 06:10:05"
"Maule","Chile","CL","-34.97999795","-71.24002914","15","2021-12-31 06:10:05"
"Agder","Norway","NO","58.2977082610108","8.084752009680065","15","2021-12-31 06:10:05"
"Provence-Alpes-Cote d Azur","France","FR","43.28997906","5.37501013","15","2021-12-31 06:10:05"
"North East","Botswana","BW","-24.628141806176643","25.92478319035186","14","2021-12-31 06:10:05"
"Flanders","Belgium","BE","51.066667","2.666667","14","2021-12-31 06:10:05"
"Grigioni","Switzerland","CH","47.48761730134179","7.73347783158963","14","2021-12-31 06:10:05"
"Nouvelle-Aquitaine","France","FR","44.903600909185926","-0.40109209207600083","14","2021-12-31 06:10:05"
"Coquimbo","Chile","CL","-29.89999795","-71.24997685","14","2021-12-31 06:10:05"
"Warsaw","Poland","PL","52.097718","19.025816","13","2021-12-31 06:10:05"
"Uppsala","Sweden","SE","59.86005292","17.63999792","13","2021-12-31 06:10:05"
"Abruzzo","Italy","IT","42.35039817","13.39002478","13","2021-12-31 06:10:05"
"Yucatan","Mexico","MX","21.2125","-87.741667","13","2021-12-31 06:10:05"
"Minas Gerais","Brazil","BR","-18.89999754","-48.27998356","13","2021-12-31 06:10:05"
"Liguria","Italy","IT","44.40998822","8.930038614","13","2021-12-31 06:10:05"
"Tabasco","Mexico","MX","17.99997235","-92.89997319","12","2021-12-31 06:10:05"
"Louth","Ireland","IE","54.00041058","-6.416673219","12","2021-12-31 06:10:05"
"Lima","Peru","PE","-12.04801268","-77.05006209","12","2021-12-31 06:10:05"
"Kilkenny","Ireland","IE","52.65454958","-7.252255291","11","2021-12-31 06:10:05"
"Cavan","Ireland","IE","54.2116667","-7.2102778","11","2021-12-31 06:10:05"
"Western Australia","Australia","AU","-31.95501463","115.8399987","11","2021-12-31 06:10:05"
"Victoria","Australia","AU","-37.82003131","144.9750162","11","2021-12-31 06:10:05"
"Selangor","Malaysia","MY","3.166665872","101.6999833","11","2021-12-31 06:10:05"
"Ceara","Brazil","BR","-1.75","-44.833333","11","2021-12-31 06:10:05"
"Ljubljana","Slovenia","SI","45.813311","14.480837","11","2021-12-31 06:10:05"
"Roeselare","Belgium","BE","50.95","3.133333","11","2021-12-31 06:10:05"
"Offaly","Ireland","IE","53.29355573146341","-7.467236517193396","10","2021-12-31 06:10:05"
"Brazzaville","Republic of the Congo","CG","-4.259185772","15.28468949","10","2021-12-31 06:10:05"
"Dhaka","Bangladesh","BD","23.72305971","90.40857947","10","2021-12-31 06:10:05"
"Missouri","USA","US","38.63501772","-90.23998051","10","2021-12-31 06:10:05"
"Australian Capital Territory","Australia","AU","-35.28302855","149.1290262","10","2021-12-31 06:10:05"
"Drenthe","Netherlands","NL","53.00000109","6.550002585","10","2021-12-31 06:10:05"
"Biobio","Chile","CL","-36.822056901745285","-73.05377577588885","9","2021-12-31 06:10:05"
"Kildare","Ireland","IE","53.1561111","-6.9144444","9","2021-12-31 06:10:05"
"Santa Fe","Argentina","AR","-32.95112954","-60.66630762","9","2021-12-31 06:10:05"
"Pichincha","Ecuador","EC","-0.214988181","-78.50005111","9","2021-12-31 06:10:05"
"Muscat","Oman","OM","23.61332481","58.59331213","9","2021-12-31 06:10:05"
"Brabant Wallon","Belgium","BE","50.71157849296293","4.617533306464373","9","2021-12-31 06:10:05"
"Newfoundland and Labrador","Canada","CA","56.54735147","-61.6860454","9","2021-12-31 06:10:05"
"Basque Country","Spain","ES","42.991182","-2.554302","9","2021-12-31 06:10:05"
"Podgorica","Montenegro","ME","42.46597251","19.26630692","8","2021-12-31 06:10:05"
"Lakes","New Zealand","NZ","-42.448984329220934","172.35538154678923","8","2021-12-31 06:10:05"
"Bandar Seri Begawan","Brunei","BN","4.8833333","114.9333333","8","2021-12-31 06:10:05"
"Hauts-de-France","France","FR","50.673250337379784","3.0534444673234233","8","2021-12-31 06:10:05"
"Liberec Region","Czech Republic","CZ","50.765284000691196","15.043091481817214","8","2021-12-31 06:10:05"
"Akwa-Ibom State","Nigeria","NG","4.570404479","7.559993041","8","2021-12-31 06:10:05"
"Maputo Cidade","Mozambique","MZ","-25.833749753539735","32.61763888614756","8","2021-12-31 06:10:05"
"Manitoba","Canada","CA","58.76598533","-94.1659941","8","2021-12-31 06:10:05"
"Puglia","Italy","IT","41.11890826161115","16.87902123705369","8","2021-12-31 06:10:05"
"West Pomeranian Voivodeship","Poland","PL","54.033333","16.2","8","2021-12-31 06:10:05"
"BS","Switzerland","CH","47.560194182376335","7.5897493904184765","8","2021-12-31 06:10:05"
"New Mexico","USA","US","35.68692893","-105.9372394","7","2021-12-31 06:10:05"
"Glarus","Switzerland","CH","47.05000204","9.066699587","7","2021-12-31 06:10:05"
"Port Louis","Mauritius","MU","-20.275945","57.570357","7","2021-12-31 06:10:05"
"Zhejiang","China","CN","30.24997398","120.1700187","7","2021-12-31 06:10:05"
"Saint-Denis","Reunion","RE","-21.130933","55.526577","7","2021-12-31 06:10:05"
"Tyrol","Austria","AT","47.38225194077579","11.53173448714752","7","2021-12-31 06:10:05"
"Lower Austria","Austria","AT","48.22020954724865","15.638653184939384","7","2021-12-31 06:10:05"
"Trentino-Alto Adige","Italy","IT","46.08042889","11.11998246","7","2021-12-31 06:10:05"
"Lucerne","Switzerland","CH","47.05042137","8.280000772","7","2021-12-31 06:10:05"
"Maun","Botswana","BW","-19.98959511","23.42000688","7","2021-12-31 06:10:05"
"Provence-Alpes-Cote d'Azur","France","FR","43.99922351896891","6.065547726316449","7","2021-12-31 06:10:05"
"British Columbia","Canada","CA","49.27341658","-123.1216442","7","2021-12-31 06:10:05"
"O'Higgins","Chile","CL","-34.164698075920235","-70.75966606595497","6","2021-12-31 06:10:05"
"Los Lagos","Chile","CL","-41.4699894","-72.92997766","6","2021-12-31 06:10:05"
"Navarra","Spain","ES","42.612524","-1.831063","6","2021-12-31 06:10:05"
"Bekkevoort","Belgium","BE","50.95","4.966667","6","2021-12-31 06:10:05"
"Ciudad Autonoma de Buenos Aires","Argentina","AR","-34.52293897802346","-58.41587541951581","6","2021-12-31 06:10:05"
"Kaunas County","Lithuania","LT","54.89690268427904","23.911532392276786","6","2021-12-31 06:10:05"
"Cape Town","South Africa","ZA","-28.816624","24.991639","6","2021-12-31 06:10:05"
"South Australia","Australia","AU","-34.93498777","138.6000048","6","2021-12-31 06:10:05"
"Osaka","Japan","JP","34.75003522","135.4601448","5","2021-12-31 06:10:05"
"Saxony-Anhalt","Germany","DE","52.1598376605673","11.615395636479233","5","2021-12-31 06:10:05"
"Tervuren","Belgium","BE","50.816667","4.516667","5","2021-12-31 06:10:05"
"Arkansas","USA","US","34.73608258","-92.33109318","5","2021-12-31 06:10:05"
"Antofagasta","Chile","CL","-23.64999184","-70.40000289","5","2021-12-31 06:10:05"
"Remire-Montjoly","French Guiana","GF","4.883227163216895","-52.281597447145586","5","2021-12-31 06:10:05"
"Walloon Brabant","Belgium","BE","50.71640904877403","4.615267202963448","5","2021-12-31 06:10:05"
"Copperbelt","Zambia","ZM","-12.81003335","28.22002397","5","2021-12-31 06:10:05"
"Thurgau","Switzerland","CH","47.56799717","9.108000502","5","2021-12-31 06:10:05"
"Putte","Belgium","BE","51.066667","4.633333","5","2021-12-31 06:10:05"
"Sarawak","Malaysia","MY","1.529969909","110.3299991","5","2021-12-31 06:10:05"
"Pardubice Region","Czech Republic","CZ","50.037226009203984","15.77688001435233","5","2021-12-31 06:10:05"
"Tamaulipas","Mexico","MX","22.30001996","-97.87000574","5","2021-12-31 06:10:05"
"Zug","Switzerland","CH","47.17899903","8.487000565","5","2021-12-31 06:10:05"
"Thuringia","Germany","DE","50.96536184929834","11.026856890321518","5","2021-12-31 06:10:05"
"La Araucania","Chile","CL","-38.73239097680774","-72.59257564768717","5","2021-12-31 06:10:05"
"Deinze","Belgium","BE","50.983333","3.533333","5","2021-12-31 06:10:05"
"Castilla-La Mancha","Spain","ES","40.63370709","-3.166587363","5","2021-12-31 06:10:05"
"Oklahoma","USA","US","35.47004295","-97.51868351","5","2021-12-31 06:10:05"
"Solothurn","Switzerland","CH","47.2120021","7.536996608","5","2021-12-31 06:10:05"
"Delaware","USA","US","39.74626772","-75.54689803","4","2021-12-31 06:10:05"
"Limerick","Ireland","IE","52.664704","-8.623050172","4","2021-12-31 06:10:05"
"Puebla","Mexico","MX","19.04995994","-98.20003727","4","2021-12-31 06:10:05"
"Flevoland","Netherlands","NL","52.516482163955814","5.476101593638973","4","2021-12-31 06:10:05"
"Klaipedos apskr.","Lithuania","LT","55.7025524099203","21.140033420929818","4","2021-12-31 06:10:05"
"St Laurent Du Maroni","French Guiana","GF","5.496642071326552","-54.03054800143153","4","2021-12-31 06:10:05"
"Vaduz","Liechtenstein","LI","47.141631","9.553153","4","2021-12-31 06:10:05"
"Rabat","Morocco","MA","34.02529909","-6.83613082","4","2021-12-31 06:10:05"
"Fronteira","Mozambique","MZ","-23.86704250196435","35.384984745904404","4","2021-12-31 06:10:05"
"Francistown","Botswana","BW","-21.17003986","27.50001623","4","2021-12-31 06:10:05"
"Western cape","South Africa","ZA","-33.92001097","18.43498816","4","2021-12-31 06:10:05"
"Zagreb County","Croatia","HR","45.80000673","15.99999467","4","2021-12-31 06:10:05"
"Albacete","Spain","ES","39.00034426","-1.869999839","4","2021-12-31 06:10:05"
"Silesian Voivodeship","Poland","PL","50.23731020481696","18.683252102346426","4","2021-12-31 06:10:05"
"Bucharest","Romania","RO","44.4333718","26.09994665","4","2021-12-31 06:10:05"
"Antwerp","Belgium","BE","51.22037355","4.415017048","4","2021-12-31 06:10:05"
"Appenzell Ausserrhoden","Switzerland","CH","47.38329903","9.283302472","4","2021-12-31 06:10:05"
"Maramures","Romania","RO","47.65945396","23.57906693","4","2021-12-31 06:10:05"
"Liège","Belgium","BE","50.631457878003054","5.576787893007008","4","2021-12-31 06:10:05"
"Vestfold og Telemark","Norway","NO","59.20758719459393","9.60584165018867","4","2021-12-31 06:10:05"
"Vestland","Norway","NO","60.42470850022502","5.370993468965778","4","2021-12-31 06:10:05"
"Vysocina Region","Czech Republic","CZ","49.401137341821745","15.590223589602525","4","2021-12-31 06:10:05"
"Beirut","Lebanon","LB","33.87197512","35.50970821","4","2021-12-31 06:10:05"
"Alaska","USA","US","61.21996991","-149.9002149","4","2021-12-31 06:10:05"
"Split-Dalmatia County","Croatia","HR","43.51104899858299","16.442169806823596","4","2021-12-31 06:10:05"
"Schaffhausen","Switzerland","CH","47.70600309","8.632998523","3","2021-12-31 06:10:05"
"Poperinge","Belgium","BE","50.85","2.716667","3","2021-12-31 06:10:05"
"Tanger","Morocco","MA","35.780576","-5.813646","3","2021-12-31 06:10:05"
"Sint-agatha-berchem","Belgium","BE","50.866667","4.283333","3","2021-12-31 06:10:05"
"Helsinki","Finland","FI","63.246778","25.920916","3","2021-12-31 06:10:05"
"Sint-Pieters-Leeuw","Belgium","BE","50.783333","4.233333","3","2021-12-31 06:10:05"
"Schaarbeek","Belgium","BE","50.85","4.383333","3","2021-12-31 06:10:05"
"BL","Switzerland","CH","47.48761730134179","7.73347783158963","3","2021-12-31 06:10:05"
"Chaco","Argentina","AR","-27.45999184","-58.99002751","3","2021-12-31 06:10:05"
"Overijssel","Netherlands","NL","52.52400009","6.096996529","3","2021-12-31 06:10:05"
"San Juan-Laventille Regional Corporation","Trinidad and Tobago","TT","10.662788564442867","-61.47775110078018","3","2021-12-31 06:10:05"
"Colombo","Sri Lanka","LK","6.931965758","79.85775061","3","2021-12-31 06:10:05"
"Fes","Morocco","MA","34.037151","-4.999797","3","2021-12-31 06:10:05"
"Marracuene","Mozambique","MZ","-25.7369444","32.6763889","3","2021-12-31 06:10:05"
"Mombasa","Kenya","KE","-4.040026022","39.68991817","3","2021-12-31 06:10:05"
"Jette","Belgium","BE","50.866667","4.333333","3","2021-12-31 06:10:05"
"Bucuresti","Romania","RO","44.436141","26.10272","3","2021-12-31 06:10:05"
"Kathmandu","Nepal","NP","27.728021277774346","85.32890642590002","3","2021-12-31 06:10:05"
"Masovian Voivodeship","Poland","PL","52.286714432536115","21.005278941276853","3","2021-12-31 06:10:05"
"Heverlee","Belgium","BE","50.866667","4.7","3","2021-12-31 06:10:05"
"Troms og Finnmark","Norway","NO","69.66380489489775","18.943910253562137","3","2021-12-31 06:10:05"
"Ham","Belgium","BE","50.933333","3.45","3","2021-12-31 06:10:05"
"Goodhope","Botswana","BW","-25.47469196723527","25.43156794529709","3","2021-12-31 06:10:05"
"Hradec Kralove Region","Czech Republic","CZ","50.21182259630564","15.817662482660165","3","2021-12-31 06:10:05"
"Calabria","Italy","IT","38.9003762","16.60000972","3","2021-12-31 06:10:05"
"Nitra","Slovakia","SK","48.3166667","18.0833333","3","2021-12-31 06:10:05"
"Berchem","Belgium","BE","50.783333","3.5","3","2021-12-31 06:10:05"
"Menen","Belgium","BE","50.8","3.116667","2","2021-12-31 06:10:05"
"Evere","Belgium","BE","50.866667","4.4","2","2021-12-31 06:10:05"
"Jura","Switzerland","CH","47.36999713","7.344999488","2","2021-12-31 06:10:05"
"National Capital Region","Philippines","PH","14.600575489899544","120.98449405210665","2","2021-12-31 06:10:05"
"Caracas","Venezuela","VE","8.001871","-66.110932","2","2021-12-31 06:10:05"
"Zeeland","Netherlands","NL","51.50199618","3.609999541","2","2021-12-31 06:10:05"
"Oudergem","Belgium","BE","50.816667","4.433333","2","2021-12-31 06:10:05"
"Narino","Colombia","CO","10.381715137894377","-75.47907278416761","2","2021-12-31 06:10:05"
"Levice region","Slovakia","SK","48.641157543464736","18.10847612632007","2","2021-12-31 06:10:05"
"Dworp","Belgium","BE","50.733333","4.3","2","2021-12-31 06:10:05"
"Santa Catarina","Brazil","BR","-27.57998452","-48.52002059","2","2021-12-31 06:10:05"
"Carlow","Ireland","IE","52.8408333","-6.9261111","2","2021-12-31 06:10:05"
"Wallis","Switzerland","CH","46.022560427987095","7.769956340726898","2","2021-12-31 06:10:05"
"Wezembeek-oppem","Belgium","BE","50.85","4.483333","2","2021-12-31 06:10:05"
"Burgenland","Austria","AT","47.83329908","16.53329747","2","2021-12-31 06:10:05"
"Zamfara State","Nigeria","NG","12.047821","5.73524","2","2021-12-31 06:10:05"
"Saarland","Germany","DE","49.25039044","6.970003213","2","2021-12-31 06:10:05"
"Leuven","Belgium","BE","50.883333","4.7","2","2021-12-31 06:10:05"
"Hainault","Belgium","BE","50.83774849851746","4.362710070410284","2","2021-12-31 06:10:05"
"Halle","Belgium","BE","49.916667","5.35","2","2021-12-31 06:10:05"
"Monaghan","Ireland","IE","54.25","-6.9666667","2","2021-12-31 06:10:05"
"Tungurahua","Ecuador","EC","-0.979592673","-77.80998987","2","2021-12-31 06:10:05"
"Middelkerke","Belgium","BE","51.183333","2.816667","2","2021-12-31 06:10:05"
"Karnataka","India","IN","12.96999514","77.56000972","2","2021-12-31 06:10:05"
"Hooglede","Belgium","BE","50.983333","3.083333","2","2021-12-31 06:10:05"
"Marrakech","Morocco","MA","31.631485","-8.008281","2","2021-12-31 06:10:05"
"Kenitra","Morocco","MA","34.27040041","-6.579996583","2","2021-12-31 06:10:05"
"Wannegem-lede","Belgium","BE","50.883333","3.55","2","2021-12-31 06:10:05"
"Prague Region","Czech Republic","CZ","50.07838708237321","14.436369147273933","2","2021-12-31 06:10:05"
"Distrito Federal","Brazil","BR","-15.78334023","-47.91605229","2","2021-12-31 06:10:05"
"East Flanders","Belgium","BE","51.02999758","3.700021931","2","2021-12-31 06:10:05"
"Zlin Region","Czech Republic","CZ","49.22687780271616","17.664196485234147","2","2021-12-31 06:10:05"
"Moscow Oblast","Russia","RU","55.75216412","37.61552283","2","2021-12-31 06:10:05"
"North-Western","Zambia","ZM","-13.54001463","23.10994828","2","2021-12-31 06:10:05"
"Valle d'Aosta","Italy","IT","45.73700107","7.315002596","2","2021-12-31 06:10:05"
"Balearic Islands","Spain","ES","39.59680298570407","2.662876887922043","2","2021-12-31 06:10:05"
"Ramatlabama","Botswana","BW","-24.628141806176643","25.92478319035186","2","2021-12-31 06:10:05"
"Gullegem","Belgium","BE","50.833333","3.2","2","2021-12-31 06:10:05"
"Arica and Parinacote","Chile","CL","-33.4529580157837","-70.69626999985029","2","2021-12-31 06:10:05"
"Karachi","Pakistan","PK","24.86999229","66.99000891","2","2021-12-31 06:10:05"
"South Dakota","USA","US","44.36833701","-100.350552","2","2021-12-31 06:10:05"
"Geetbets","Belgium","BE","50.883333","5.116667","2","2021-12-31 06:10:05"
"KwaZulu Natal","South Africa","ZA","-29.854784392582125","31.01152444188375","2","2021-12-31 06:10:05"
"Algiers","Algeria","DZ","36.7630648","3.05055253","2","2021-12-31 06:10:05"
"Sinaloa","Mexico","MX","23.22110069","-106.4200007","2","2021-12-31 06:10:05"
"Athens","Greece","GR","39.000041","21.999957","2","2021-12-31 06:10:05"
"Jordan","Jordan","JO","31.166705","36.941628","2","2021-12-31 06:10:05"
"Neuchatel","Switzerland","CH","46.99899914","6.922998615","2","2021-12-31 06:10:05"
"Marawila","Sri Lanka","LK","7.4094444","79.8322222","2","2021-12-31 06:10:05"
"Meerhout","Belgium","BE","51.133333","5.083333","2","2021-12-31 06:10:05"
"Carinthia","Austria","AT","46.63582568327663","14.312722197915608","1","2021-12-31 06:10:05"
"Flandre orientale","Belgium","BE","50.83774849851746","4.362710070410284","1","2021-12-31 06:10:05"
"Nordland","Norway","NO","67.24677227","14.39901132","1","2021-12-31 06:10:05"
"Aartrijke","Belgium","BE","51.116667","3.083333","1","2021-12-31 06:10:05"
"Papaichton","French Guiana","GF","3.8","-54.1666667","1","2021-12-31 06:10:05"
"Kourou","French Guiana","GF","5.159980895","-52.64994938","1","2021-12-31 06:10:05"
"Central Visayas","Philippines","PH","10.325461759743318","123.87974766266375","1","2021-12-31 06:10:05"
"Bihor","Romania","RO","47.04998212","21.91999508","1","2021-12-31 06:10:05"
"Pellenberg","Belgium","BE","50.866667","4.8","1","2021-12-31 06:10:05"
"Greater Poland Voivodeship","Poland","PL","52.75226","16.990493","1","2021-12-31 06:10:05"
"Etterbeek","Belgium","BE","50.833333","4.383333","1","2021-12-31 06:10:05"
"Trondelag","Norway","NO","63.422739849012906","10.376990605807197","1","2021-12-31 06:10:05"
"West Java","Indonesia","ID","-6.889169","107.640472","1","2021-12-31 06:10:05"
"Goias","Brazil","BR","-15.933333","-50.133333","1","2021-12-31 06:10:05"
"Vlamertinge","Belgium","BE","50.85","2.816667","1","2021-12-31 06:10:05"
"Ilfov","Romania","RO","44.42309606578658","26.110476132558514","1","2021-12-31 06:10:05"
"Siaya","Kenya","KE","0.06","34.2861111","1","2021-12-31 06:10:05"
"Guerrero","Mexico","MX","16.84999086","-99.91597905","1","2021-12-31 06:10:05"
"Freetown","Sierra Leone","SL","8.640035","-11.840027","1","2021-12-31 06:10:05"
"Pays de la Loire","France","FR","47.24683192066977","-1.5459243320156608","1","2021-12-31 06:10:05"
"Federal District","Brazil","BR","-15.78659791517614","-47.898349830321656","1","2021-12-31 06:10:05"
"De pinte","Belgium","BE","51","3.65","1","2021-12-31 06:10:05"
"Tangier","Morocco","MA","35.74728701","-5.832703696","1","2021-12-31 06:10:05"
"Leopoldsburg","Belgium","BE","51.116667","5.25","1","2021-12-31 06:10:05"
"Ninove","Belgium","BE","50.833333","4.016667","1","2021-12-31 06:10:05"
"Osrednjeslovenska","Slovenia","SI","46.05528831","14.51496903","1","2021-12-31 06:10:05"
"Nijlen","Belgium","BE","51.166667","4.65","1","2021-12-31 06:10:05"
"Waterford","Ireland","IE","52.2582947","-7.111927939","1","2021-12-31 06:10:05"
"Muizen","Belgium","BE","50.766667","5.166667","1","2021-12-31 06:10:05"
"Webbekom","Belgium","BE","50.966667","5.066667","1","2021-12-31 06:10:05"
"Rogaland","Norway","NO","58.97000389","5.680004434","1","2021-12-31 06:10:05"
"Oudenaarde","Belgium","BE","50.85","3.6","1","2021-12-31 06:10:05"
"San José","Costa Rica","CR","9.927780708464883","-84.09002114195802","1","2021-12-31 06:10:05"
"Rivers","Nigeria","NG","4.810002257","7.010000772","1","2021-12-31 06:10:05"
"Lahore","Pakistan","PK","31.55997154","74.35002478","1","2021-12-31 06:10:05"
"De haan","Belgium","BE","51.266667","3.033333","1","2021-12-31 06:10:05"
"Massachusets","USA","US","42.3732140673818","-71.07022839646667","1","2021-12-31 06:10:05"
"Court-saint-etienne","Belgium","BE","50.65","4.566667","1","2021-12-31 06:10:05"
"Kampala","Uganda","UG","1.533355","32.216658","1","2021-12-31 06:10:05"
"Pays de loire","France","FR","47.29119259488096","-1.5333788805465518","1","2021-12-31 06:10:05"
"Veracruz","Mexico","MX","19.17734235","-96.15998092","1","2021-12-31 06:10:05"
"Chon Buri","Thailand","TH","13.365843","100.988962","1","2021-12-31 06:10:05"
"Macouria","French Guiana","GF","4.9166667","-52.3666667","1","2021-12-31 06:10:05"
"Laois","Ireland","IE","53.03191519586624","-7.302814962642774","1","2021-12-31 06:10:05"
"Deurne","Belgium","BE","50.783333","4.75","1","2021-12-31 06:10:05"
"Bellingen","Belgium","BE","50.75","4.15","1","2021-12-31 06:10:05"
"More og Romsdal","Norway","NO","62.7441843511609","7.145494974098184","1","2021-12-31 06:10:05"
"Waitemata","New Zealand","NZ","-36.85182750818912","174.7629022218679","1","2021-12-31 06:10:05"
"Central District","Botswana","BW","-22.39001707","26.71003861","1","2021-12-31 06:10:05"
"Anvaing","Belgium","BE","50.683333","3.55","1","2021-12-31 06:10:05"
"Galway","Ireland","IE","53.272393","-9.048812298","1","2021-12-31 06:10:05"
"Rio Grande do Sul","Brazil","BR","-30.05001463","-51.20001205","1","2021-12-31 06:10:05"
"Tianjin","China","CN","39.13002626","117.2000191","1","2021-12-31 06:10:05"
"Suez","Egypt","EG","30.00497601","32.54994055","1","2021-12-31 06:10:05"
"Utena County","Lithuania","LT","55.50404193874243","25.62868439607007","1","2021-12-31 06:10:05"
"Opole Voivodeship","Poland","PL","50.66752275981852","17.922997638708843","1","2021-12-31 06:10:05"
"Buizingen","Belgium","BE","50.733333","4.25","1","2021-12-31 06:10:05"
"Coclesito","Panama","PA","8.982312713131142","-79.5215701579569","1","2021-12-31 06:10:05"
"Staden","Belgium","BE","50.983333","3.016667","1","2021-12-31 06:10:05"
"Keerbergen","Belgium","BE","51","4.616667","1","2021-12-31 06:10:05"
"Sandies Bathala resort","Maldives","MV","3.7833333","72.9666667","1","2021-12-31 06:10:05"
"Beernem","Belgium","BE","51.15","3.333333","1","2021-12-31 06:10:05"
"Hradec Kralove region","Czech Republic","CZ","50.21182259630564","15.817662482660165","1","2021-12-31 06:10:05"
"Siauliu apskr.","Lithuania","LT","55.73478920952427","24.360301958444364","1","2021-12-31 06:10:05"
"Capital and Coast","New Zealand","NZ","-41.30961878320009","174.78015998745204","1","2021-12-31 06:10:05"
"Nonthaburi","Thailand","TH","13.83368919","100.4833134","1","2021-12-31 06:10:05"
"South Bohemian Region","Czech Republic","CZ","48.975317943830255","14.47396554035261","1","2021-12-31 06:10:05"
"Herent","Belgium","BE","51.2","5.45","1","2021-12-31 06:10:05"
"Kajiado","Kenya","KE","-1.85","36.7833333","1","2021-12-31 06:10:05"
"K.Male'","Maldives","MV","3.7833333","72.9666667","1","2021-12-31 06:10:05"
"Tubize","Belgium","BE","50.683333","4.2","1","2021-12-31 06:10:05"
"Warmian-Masurian Voivodeship","Poland","PL","53.78401898667996","20.464212617041362","1","2021-12-31 06:10:05"
"Tarapaca","Chile","CL","-19.916667","-69.516667","1","2021-12-31 06:10:05"
"Guangdong","China","CN","23.0488889","113.7447222","1","2021-12-31 06:10:05"
"Stembert","Belgium","BE","50.583333","5.9","1","2021-12-31 06:10:05"
"Testelt","Belgium","BE","51","4.95","1","2021-12-31 06:10:05"
"Kwazulu-Natal","South Africa","ZA","-29.865013","30.98001054","1","2021-12-31 06:10:05"
"Chiapas","Mexico","MX","16.74999697","-93.1500096","1","2021-12-31 06:10:05"
"Ploegsteert","Belgium","BE","50.716667","2.883333","1","2021-12-31 06:10:05"
"Podlaskie Voivodeship","Poland","PL","50.03447458584919","21.98955073169736","1","2021-12-31 06:10:05"
"Upper Austria","Austria","AT","48.320411949110735","14.281774531186432","1","2021-12-31 06:10:05"
"Baja California","Mexico","MX","32.50001752","-117.079996","1","2021-12-31 06:10:05"
"Hidalgo","Mexico","MX","20.17043418","-98.73003076","1","2021-12-31 06:10:05"
"Nidwalden","Switzerland","CH","46.95000307","8.383302547","1","2021-12-31 06:10:05"
"Rio de Janeiro","Brazil","BR","-22.92502317","-43.22502079","1","2021-12-31 06:10:05"
"Northern Territory","Australia","AU","-23.70099648","133.8800345","1","2021-12-31 06:10:05"
"Zichem","Belgium","BE","51","4.983333","1","2021-12-31 06:10:05"
"Tierra del Fuego","Argentina","AR","-54.79000324","-68.31000126","1","2021-12-31 06:10:05"
"Oaxaca","Mexico","MX","17.08268984","-96.66994979","1","2021-12-31 06:10:05"
"Geel","Belgium","BE","51.166667","5","1","2021-12-31 06:10:05"
"Maputo","Mozambique","MZ","-25.837750774923936","32.62128089940649","1","2021-12-31 06:10:05"
"Lentsweletau","Botswana","BW","-24.628141806176643","25.92478319035186","1","2021-12-31 06:10:05"
"Asse","Belgium","BE","50.7","5.783333","1","2021-12-31 06:10:05"
"Hanoi","Vietnam","VN","21.03332725","105.8500142","1","2021-12-31 06:10:05"
"Appenzell Innerrhoden","Switzerland","CH","47.3333041","9.416700505","1","2021-12-31 06:10:05"
"Alken","Belgium","BE","50.866667","5.3","1","2021-12-31 06:10:05"
"Limbourg","Belgium","BE","50.616667","5.933333","1","2021-12-31 06:10:05"
"Zillebeke","Belgium","BE","50.833333","2.916667","1","2021-12-31 06:10:05"
"Begijnendijk","Belgium","BE","51.016667","4.766667","1","2021-12-31 06:10:05"
"Macouria-Tonate","French Guiana","GF","3.892460016281597","-51.80646746164457","1","2021-12-31 06:10:05"
"Lembeek","Belgium","BE","50.716667","4.216667","1","2021-12-31 06:10:05"
"Edegem","Belgium","BE","51.15","4.45","1","2021-12-31 06:10:05"
"Wilrijk","Belgium","BE","51.166667","4.4","1","2021-12-31 06:10:05"
"Selibe Phikwe","Botswana","BW","-24.628141806176643","25.92478319035186","1","2021-12-31 06:10:05"
"Prague","Czech Republic","CZ","49.685625334037006","15.18085300466633","1","2021-12-31 06:10:05"
"Alsemberg","Belgium","BE","50.733333","4.316667","1","2021-12-31 06:10:05"
"Kotli","Pakistan","PK","33.516667","73.916667","1","2021-12-31 06:10:05"
"Oshana","Namibia","NA","-17.78001422","15.77003454","1","2021-12-31 06:10:05"
"Tvrdosin","Slovakia","SK","49.3333333","19.5666667","1","2021-12-31 06:10:05"
"Nove Mesto nad Vahom region","Slovakia","SK","48.641157543464736","18.10847612632007","1","2021-12-31 06:10:05"
"Sint-Agatha-Berchem","Belgium","BE","50.866667","4.283333","1","2021-12-31 06:10:05"
"Beersel","Belgium","BE","50.766667","4.3","1","2021-12-31 06:10:05"
"Olomouc region","Czech Republic","CZ","49.591091341441256","17.25448625143518","1","2021-12-31 06:10:05"
"Rome","Italy","IT","42.638426","12.674297","1","2021-12-31 06:10:05"
"Trencin","Slovakia","SK","48.9","18.0333333","1","2021-12-31 06:10:05"
"Ottawa","Canada","CA","61.066692","-107.991707","1","2021-12-31 06:10:05"
"Zedelgem","Belgium","BE","51.15","3.133333","1","2021-12-31 06:10:05"
"Longford","Ireland","IE","53.0613889","-7.7444444","1","2021-12-31 06:10:05"
"Magdalena","Colombia","CO","11.24720624","-74.20165715","1","2021-12-31 06:10:05"
"Panevezio","Lithuania","LT","55.74002016","24.37002641","1","2021-12-31 06:10:05"
"Lublin Voivodeship","Poland","PL","51.24569603760585","22.56660629753207","1","2021-12-31 06:10:05"
"Sörmland","Sweden","SE","58.75995502521435","17.01825759504832","1","2021-12-31 06:10:05"
"Anvers","Belgium","BE","51.216667","4.416667","1","2021-12-31 06:10:05"
"Zonhoven","Belgium","BE","50.983333","5.35","1","2021-12-31 06:10:05"
"Vorarlberg","Austria","AT","47.51669707","9.766701588","1","2021-12-31 06:10:05"
"Ledegem","Belgium","BE","50.85","3.116667","1","2021-12-31 06:10:05"
"Tocantins","Brazil","BR","-12.47000242","-49.08200179","1","2021-12-31 06:10:05"
"Tehran","Iran","IR","35.67194277","51.42434403","1","2021-12-31 06:10:05"
"Arkansa","USA","US","17.74715300494484","-64.70396834711046","1","2021-12-31 06:10:05"
"Gistel","Belgium","BE","51.166667","2.95","1","2021-12-31 06:10:05"
"Quebec","Canada","CA","46.8","-71.25","1","2021-12-31 06:10:05"
"Ressano Garcia","Mozambique","MZ","-25.4427778","31.9952778","1","2021-12-31 06:10:05"
"Sint-andries","Belgium","BE","51.2","3.166667","1","2021-12-31 06:10:05"
"Presov","Slovakia","SK","48.99973391","21.23936479","1","2021-12-31 06:10:05"
"Brasov","Romania","RO","45.64753542","25.6071602","1","2021-12-31 06:10:05"
"Los Rios","Chile","CL","-39.81649648798293","-73.23682336441895","1","2021-12-31 06:10:05"
"Jonkoping County","Sweden","SE","57.77147590284563","14.170996974727746","1","2021-12-31 06:10:05"
"Herentals","Belgium","BE","51.183333","4.833333","1","2021-12-31 06:10:05"
"Tielt","Belgium","BE","51","3.316667","1","2021-12-31 06:10:05"
"Sint-lambrechts-woluwe","Belgium","BE","50.85","4.4","1","2021-12-31 06:10:05"
"Zilina","Slovakia","SK","49.21982383","18.74938757","1","2021-12-31 06:10:05"
"Heist-aan-zee","Belgium","BE","51.35","3.25","1","2021-12-31 06:10:05"
"San Luis","Argentina","AR","-33.29999713","-66.35001754","1","2021-12-31 06:10:05"
"Kyiv","Ukraine","UA","50.433333","30.516667","1","2021-12-31 06:10:05"
"Otse","Botswana","BW","-25.0166667","25.7333333","1","2021-12-31 06:10:05"
"Gingelom","Belgium","BE","50.75","5.116667","1","2021-12-31 06:10:05"
"Bistrita Nasaud","Romania","RO","44.20808276428826","27.312825100242307","1","2021-12-31 06:10:05"
"Mandi Bahauddin","Pakistan","PK","32.583387","73.484315","1","2021-12-31 06:10:05"
"Ryazan Oblast","Russia","RU","62.043062567352464","129.74119927547545","1","2021-12-31 06:10:05"
